control,model,B,noise,cases,failures,boundary_fits,remote_boundary_fits,holdout_above_descriptive_line,abs_omega_error_over_gamma_median,abs_omega_error_over_gamma_max,abs_relative_gamma_error_median,abs_relative_gamma_error_max,abs_relative_t_error_median,abs_relative_t_error_max,holdout_chi2_median,holdout_chi2_max,clean_holdout_scaled_mse_median,clean_holdout_scaled_mse_max,normalized_jacobian_condition_median,normalized_jacobian_condition_max,omega_local_error_ratio_median,omega_local_error_ratio_max,gamma_local_error_ratio_median,gamma_local_error_ratio_max,omega_error_above_two_local_se,gamma_error_above_two_local_se
zero_drift,unchanged,0.05,0.0001,4,0,0,0,0,4.672380200027643e-05,8.301874408910158e-05,1.5801508885238625e-05,2.519318070797148e-05,8.695161699624794e-06,3.040478552577499e-05,1.0308220980268559,1.1131199531366713,0.024626191939884683,0.033225580144026205,934.4701094360626,940.3093504326412,0.9866324242238466,1.908456245025326,0.3374331538499679,0.5005952527792858,0,0
zero_drift,unchanged,0.05,0.001,4,1,1,1,0,0.0003892863323732657,0.0007055607952949967,0.0003152095096632918,0.0008208461948568036,0.00014986743476976683,0.0003105517294367433,0.9784407233386018,1.1243725175125932,0.02170485002469249,0.03856341917175226,935.2466456608256,939.2542301113299,0.8248533823743962,1.6234217862493325,0.6722093510096652,1.8327594783302479,0,0
zero_drift,unchanged,0.2,0.0001,4,0,0,0,0,4.589917909944872e-05,6.59457601735901e-05,4.9513418664294075e-05,9.144451714502505e-05,5.825382232664671e-06,2.0844611181846122e-05,0.9691474390443129,1.0805191900753388,0.032157899244347726,0.033724373081379384,991.385477925799,998.1619979884223,0.9486592735090347,1.5027477882893991,1.0083748241514723,2.0582349838967726,0,1
zero_drift,unchanged,0.2,0.001,4,0,0,0,0,0.00034860923105635894,0.0009876687639964743,0.00046374285256992,0.0007732759312134652,5.553492143384737e-05,0.00010795877311789583,1.0065968371158243,1.0910009522403212,0.016548594944400224,0.02096378340624213,990.0123614296793,996.3088856140207,0.6895144375125711,2.251312335476877,0.9443425455737358,1.7393042766462536,1,0
zero_drift,drift_aware,0.05,0.0001,4,0,0,0,0,2.1065151117265974e-05,7.9395839643522e-05,7.313039838502015e-05,0.00023982131550862734,2.1264842116721406e-05,2.87212123505629e-05,1.036488009455636,1.1157846777993508,0.028116792168469552,0.039900468738825946,1024.0341194179784,1043.863402232352,0.3041182138905148,0.6660635855122916,0.7568192408925724,1.531231493663466,0,0
zero_drift,drift_aware,0.05,0.001,4,0,1,1,0,0.0008388560870746058,0.0016654533490460348,0.000954516886432851,0.0014516904054758147,0.0004890992150522587,0.0007275420105276139,0.9791332650249467,1.113291241465602,0.03221111682694533,0.045220312331425545,1025.33217831181,1042.2677877371123,0.8943185537634898,1.540148137925501,0.7409061174355509,0.9266449131057891,0,0
zero_drift,drift_aware,0.2,0.0001,4,0,0,0,0,0.0005304592812967653,0.001022069871292608,0.0002528414042069825,0.0008425258635477601,6.597634752165002e-06,2.9824642476560564e-05,0.9809108977262371,1.0908834271889518,0.039157448140648254,0.03948263976323518,1088.3300222335017,1115.824241829404,1.301737007558042,1.6969354142121342,0.8676785992770899,1.3739601608123804,0,0
zero_drift,drift_aware,0.2,0.001,4,0,1,1,0,0.00419439079574202,0.014996291798315593,0.001194643842260546,0.008276945412422741,8.051732648842275e-05,0.00011244623463206501,1.0052807142489126,1.1111124518266222,0.023484685205985262,0.04241233256853162,1086.7249140554466,1113.5568877647709,1.1925298840277156,2.489725231068011,0.4099024043136438,1.349262218340406,1,0
zero_drift,extended,0.05,0.0001,4,3,0,0,0,0.001120319001223101,0.005519221314050545,7.291255552861213e-05,0.0002511397474539284,0.04177008246748264,0.09767510200718993,1.0556304915794552,1.1522081988922597,0.03886590027814575,0.05282225766026738,24668.68527976697,40211.07871146851,0.2921455150103731,0.43661844619420564,0.7534729507597424,1.6013072357217883,0,0
zero_drift,extended,0.05,0.001,4,2,2,2,0,0.009205090292094573,0.040649306771315764,0.0009215202506442234,0.0015598139947984393,0.15113751119100627,0.2800658519666237,0.987261882435144,1.1095660593339751,0.03700196944758867,0.046659846359386525,13976.1156882274,132789.4667381332,0.13588553416437535,0.49307596785633406,0.7170849770134912,0.9917757065663557,0,0
zero_drift,extended,0.2,0.0001,4,1,0,0,1,0.057176956121273034,0.11615134997807382,0.000265625849522252,0.0010208478970416546,0.07904483010132948,0.10521494713098027,1.0899688496476676,1.3038182380683927,0.11461061157784956,0.18077626227099003,30006.057989672634,43748.85724260519,1.6150559704260663,2.1587101874161143,0.9089792149112649,1.6636517237594475,2,0
zero_drift,extended,0.2,0.001,4,2,2,1,0,0.08918770347022326,0.3017065831291503,0.0011899714815970513,0.008022841449547083,0.07018025606340171,0.16481947528234517,1.0059440051172652,1.111125876356543,0.024426162845248088,0.03849023486038316,24647.504468520765,59569.65742063725,0.5269166031985905,0.8680025173819287,0.4082063213070255,1.306018404146528,0,0
allowed_drift,unchanged,0.05,0.0001,4,0,4,4,4,0.046578735434417894,0.0760351916764268,0.026214147154957273,0.038950940533675225,0.00398362544060804,0.005819862590853187,1632.733955772999,1871.366789016642,1635.5544904875258,1867.5950713769241,913.6655869363065,917.5336181998596,930.0229529511728,1472.0278391452548,522.9567843404487,750.0557973205165,4,4
allowed_drift,unchanged,0.05,0.001,4,0,4,4,4,0.0463370514358198,0.07597903301936881,0.02656483507528544,0.039834681823020225,0.003920720241806654,0.0057400415972489,17.752651217408378,20.40045552082288,16.390378326975224,18.796882784897587,912.7410346794269,919.5456252085656,92.44897452310144,146.99483926977135,53.06284223692164,76.68467970706267,4,4
allowed_drift,unchanged,0.2,0.0001,4,0,4,4,4,0.8941502786721666,1.348651538478481,0.45243513306675964,0.6702292063650586,0.005655207929845823,0.007022856533817476,23804.705286603115,25864.165638733004,23802.01616052703,25836.203243541488,940.4227144158842,955.3486771864266,12872.627289778942,18017.793380088337,6539.952330754704,8945.715536187749,4,4
allowed_drift,unchanged,0.2,0.001,4,0,4,4,4,0.8937494704890667,1.3489689725116882,0.4524009540155827,0.6718671310343297,0.005726955243723155,0.007173856696827943,237.55793504549132,259.52645881655786,237.9705010792805,258.3917063102749,939.1970512433606,952.6893678276394,1286.76953548587,1800.5169302486788,653.8785379483627,895.9213039390982,4,4
allowed_drift,drift_aware,0.05,0.0001,4,0,0,0,0,2.4912995284016086e-05,8.013433786905703e-05,7.15032714235202e-05,0.00017176449304357722,1.6396324766321044e-05,7.817610849414256e-05,1.0220775517353502,1.0328928554856454,0.027390093645573668,0.04041324749706132,1021.1381795132147,1036.7954982433462,0.3405589142457733,0.6147220766149515,0.5433037531691529,1.0882505164159344,0,0
allowed_drift,drift_aware,0.05,0.001,4,0,1,1,0,0.0004577522218742994,0.0008702914884306523,0.0008354427791414571,0.001109371282679809,0.00013932394095771014,0.0007414801729512982,1.0114869755067637,1.079505822602426,0.025234325294076765,0.041263915907598446,1020.5379679439909,1039.897810321356,0.4710046865570886,0.6186893041947046,0.6512514414532349,0.7028745600694788,0,0
allowed_drift,drift_aware,0.2,0.0001,4,0,0,0,1,0.0003348284647134806,0.0005920487383311487,0.00010461941742964954,0.00029695199646944146,6.463405718908183e-06,1.2924664745162e-05,1.007613771820001,1.1748472401160766,0.025280353048065196,0.03371240679621479,1054.4760354701289,1057.679943921954,0.4898405917950346,2.1199907305148153,0.15003310262271202,0.9436096724837998,1,0
allowed_drift,drift_aware,0.2,0.001,4,0,0,0,0,0.002492712569332787,0.008729730169521055,0.0006812665572056229,0.0036167973763064536,0.00012351162684149096,0.00016983015531599473,0.9810871671000112,1.0929619614003514,0.015561043248289025,0.04060131549249506,1052.9406764962453,1059.4015955361092,0.7971161837623713,1.3839524056251395,0.1919517438132105,0.5187532002476736,0,0
allowed_drift,extended,0.05,0.0001,4,2,0,0,0,0.00037374665263890786,0.0026621549783500953,6.881423648062288e-05,0.00018030846809953074,0.041443668484621075,0.06613570383702383,1.0252200628938009,1.0527191854460516,0.03561075649731776,0.04567545410471062,9869.404822319037,23237.53079873414,0.4116838740772123,0.5345261229033144,0.5257278214106469,1.1418495873865064,0,0
allowed_drift,extended,0.05,0.001,4,4,0,0,0,0.018210336218762696,0.03795140031760526,0.0008300529067140072,0.0011161245422539046,0.23911331549070464,0.470301098563979,1.0187799419120378,1.07934086761649,0.02677955113030784,0.044973652970773895,25078.98168991124,143508.07552692917,0.1107072209891808,0.17287310218643645,0.6284225310514044,0.7049945526193276,0,0
allowed_drift,extended,0.2,0.0001,4,2,0,0,1,0.0010557855506644466,0.15353224033357962,6.833118184842481e-05,0.0002913132576943472,0.01567723955854425,0.11994747580467557,1.042218583493753,1.1730870004374734,0.025874329532672224,0.15492115510052623,15836.234383017954,31246.17811443782,0.6900880312782244,1.9472641751629347,0.12238525167656615,0.9228346271077643,0,0
allowed_drift,extended,0.2,0.001,4,2,2,0,0,0.15191301896908907,0.29399489239438176,0.0005818905123386184,0.003680818944678104,0.12255663606727796,0.17943981780983664,0.9793711706911538,1.0914454735357544,0.017201722287854184,0.04091811960864834,19073.705280702292,42314.26276351867,0.2869454564546111,0.3880560436611803,0.18388772050201613,0.5246923687627397,0,0
extra_link,unchanged,0.05,0.0001,4,0,4,4,4,0.041594703027478565,0.06842291804916763,0.024778350847514348,0.03607511920825539,0.06341962850097968,0.06508491209114504,1662.0395802172188,1926.6401153086488,1660.7639676494227,1924.8012107176742,907.9497480612108,909.5631459100571,847.001770882367,1357.7718666886835,503.7295374635646,712.4419199669667,4,4
extra_link,unchanged,0.05,0.001,4,0,4,4,4,0.04149590036669111,0.06870067151380314,0.02463612916258268,0.03594278667615235,0.0635805011907025,0.06508354936642871,17.884528940642042,20.16945751759919,16.635180632020415,19.295120506709473,910.1671155767876,911.2529175535482,84.60106350965734,136.38323849993887,50.078899078247076,70.99647964562378,4,4
extra_link,unchanged,0.2,0.0001,4,0,4,4,4,0.8260408626740219,1.2451682870552687,0.4523785568412032,0.671157393425184,0.06220836073576374,0.06386337430375796,23456.047963627163,25160.371902388135,23462.83798312416,25143.938474700793,946.4622401986558,953.4822602849757,12094.367191792717,17015.04790829437,6619.8276178855485,9115.428577389175,4,4
extra_link,unchanged,0.2,0.001,4,0,4,4,4,0.8255963571118302,1.2443505648546127,0.45291238582588783,0.6722427805323774,0.06242987549322797,0.06404288592229011,236.3414461816708,252.69310257176485,234.64581500011437,251.52010100433546,948.1230848562099,964.1171283504756,1208.4023288120297,1700.1470030360233,662.6452217107689,912.5544192071118,4,4
extra_link,drift_aware,0.05,0.0001,4,0,0,0,2,0.0018052207558794109,0.002844369973997729,0.00011076863166566683,0.00016282981902659283,0.06754483369670916,0.06759308064436054,1.1411348498846936,1.2571609412738478,0.07016789213095623,0.13961376687256663,1018.4287812126666,1032.9182943455478,20.989134749684162,21.166751495383345,1.0866582957691857,1.1892678853592726,4,0
extra_link,drift_aware,0.05,0.001,4,0,1,1,0,0.0016987641632949647,0.0038914173661937683,0.0007625546593623481,0.0014958475968812207,0.06730651665881023,0.06755437881842015,0.9663190323338458,1.1313805411832676,0.031931612144259644,0.06066852140114768,1019.489236286076,1034.421284064113,1.8272788347000792,2.885185407570427,0.6390346600133561,1.2807297569862508,1,0
extra_link,drift_aware,0.2,0.0001,4,0,0,0,0,0.031205317234174315,0.046226150543171585,0.00033534842093483675,0.0004325822577457392,0.06762170243635443,0.06765816261185031,1.0301278045474458,1.0861388414980717,0.11460442300861623,0.17862781488481114,1058.8701477891027,1068.2223353455668,64.908576670445,68.77688640817362,0.7612642577120361,1.4211441537601626,4,0
extra_link,drift_aware,0.2,0.001,4,0,0,0,0,0.02623149150703879,0.04563551765886705,0.0013282203182877952,0.005298505431919776,0.06774827348432728,0.06811819200419858,1.0906144572210263,1.1526980318804605,0.0350639919801126,0.06947901314254541,1065.2909812375835,1073.400991940686,6.076763783257574,6.829800764178704,0.4108693210723905,0.7722069048269351,4,0
extra_link,extended,0.05,0.0001,4,3,0,0,0,0.002173117253275366,0.005250370301092113,0.00011440711535795469,0.0001639262795366525,0.062101241715898675,0.10688553793744286,1.0863970879701084,1.1477787073215364,0.029465825782357007,0.045099450594409715,13236.954768032663,25054.494635775663,0.45967689057713534,1.8438015701302735,1.122166823863001,1.1911915994329392,0,0
extra_link,extended,0.05,0.001,4,2,1,1,0,0.014527013023642642,0.17489719010632676,0.0008290715689519912,0.001483845349966861,0.23594997840036758,0.5186353368219032,0.9586156165641184,1.1305458979398335,0.042360619770880806,0.06154529064417167,5750.775825154304,231067.96406909107,0.2524237999468395,1.8133592676376709,0.6962371191466462,1.2811751299686776,0,0
extra_link,extended,0.2,0.0001,4,2,0,0,0,0.030082080006377243,0.04798435114789563,0.0002892141726125722,0.0005560024635793345,0.028217168107114797,0.19614472515762382,0.8912394700137924,1.1060935427622973,0.031304580504534364,0.11379872815996465,15682.254437594103,17938.067391116772,1.6021542900340047,3.4821096082218306,0.656513213412669,1.3783065016338143,1,0
extra_link,extended,0.2,0.001,4,2,1,0,0,0.05010080855129735,0.25941395858268085,0.001384923722285281,0.004734015890497268,0.07710094638317211,0.1309507708799799,1.0921077253988254,1.1548419978928894,0.03437630293373849,0.07362070807044549,21752.866341901245,43954.53905923346,0.13792136072123093,0.4519242274923982,0.38532763720326435,0.6883778745648291,0,0
