h,B,q,pp_exact,local_pair_coordinate_zero,negative_frequency_correction,remote_pair_correction,full_zero,low_pole,high_local_pole,remote_pole,remote_weight,local_weight_sum
0.0,0.025,0.7905694150420949,1.027786306355505,1.0277402395547235,-4.6066800781563444e-05,0.0,1.0277402395547235,1.0179636535751166,1.0374246960623215,2.6,0.0,1.0
0.0,0.05,0.7905694150420949,1.0279245935468702,1.0277402395547235,-0.0001843539921466686,0.0,1.0277402395547235,1.0080922576827978,1.0470195795685964,2.6,0.0,1.0
0.0,0.1,0.7905694150420949,1.0284790485662474,1.0277402395547235,-0.0007388090115238999,0.0,1.0277402395547235,0.9880536422684753,1.0659502802663923,2.6,0.0,0.9999999999999998
0.0,0.15,0.7905694150420949,1.0294078193940612,1.0277402395547233,-0.0016675798393379626,2.220446049250313e-16,1.0277402395547235,0.9676001240181815,1.084550598174193,2.6,0.0,0.9999999999999998
0.0,0.2,0.7905694150420949,1.0307180514811876,1.0277402395547235,-0.002977811926464069,0.0,1.0277402395547235,0.9467048114380745,1.102837250005639,2.6,0.0,1.0
0.4,0.025,0.7794599520973826,1.0133459360007078,1.0132981036883244,-4.7832312383366826e-05,-1.6596172702776357e-07,1.0132979377265974,1.003404725316171,1.0230953240445313,2.605361362509143,0.0048442124268098675,0.9951557875731907
0.4,0.05,0.7794599520973826,1.0134900257429502,1.0132986016209982,-0.00019142412195205516,-6.638944007875125e-07,1.0132979377265974,0.9934128256195599,1.0327996096605396,2.605361556157553,0.00484456018661217,0.9951554398133877
0.4,0.1,0.7794599520973826,1.0140678136000625,1.0133005940642894,-0.0007672195357730782,-2.6563376920307746e-06,1.0132979377265974,0.9731207816964437,1.0519391537229592,2.6053623308897427,0.004845951596707844,0.9951540484032921
0.4,0.15,0.7794599520973826,1.015035913806334,1.0133039173383565,-0.0017319964679776145,-5.97961175907713e-06,1.0132979377265974,0.9523958097290345,1.0707359757438901,2.605363622602891,0.004848271932963438,0.9951517280670361
0.4,0.2,0.7794599520973826,1.0164021532227823,1.0133085752517355,-0.0030935779710468125,-1.0637525138079695e-05,1.0132979377265974,0.9312090184494377,1.0892078055308376,2.6053654320369795,0.004851523177125363,0.9951484768228747
0.8,0.025,0.7458353261772512,0.9696404166815052,0.9695865691302719,-5.3847551233388025e-05,-6.450998452089962e-07,0.9695859240304266,0.9593135854170945,0.9797499283205674,2.6210625167873487,0.018545075542736614,0.981454924457263
0.8,0.05,0.7458353261772512,0.9698040203792205,0.9695885045984318,-0.00021551578078871092,-2.580568005172701e-06,0.9695859240304266,0.948929400801938,0.989808929289617,2.6210632327187007,0.01854630615851087,0.9814536938414886
0.8,0.1,0.7458353261772512,0.9704603292756067,0.9695962490010618,-0.0008640802745448761,-1.0324970635133823e-05,0.9695859240304266,0.9278104579779983,1.0096244171962176,2.6210660969127524,0.018551229799859303,0.9814487702001403
0.8,0.15,0.7458353261772512,0.9715609744545736,0.9696091653392299,-0.00195180911534365,-2.3241308803267913e-05,0.9695859240304266,0.9061968189960286,1.0290558789847117,2.6210708722363982,0.018559440060105695,0.9814405599398941
0.8,0.2,0.7458353261772512,0.9731163805233043,0.9696272671313515,-0.0034891133919527917,-4.134310092485105e-05,0.9695859240304266,0.8840522539506461,1.0481246226557224,2.6210775611921853,0.018570943233433265,0.9814290567665669
1.2,0.025,0.6884531980548484,0.8950576070184365,0.8949905620175123,-6.704500092424848e-05,-1.4045462093381644e-06,0.8949891574713029,0.8839671553090784,0.9058756748213451,2.646063873874744,0.038972753478471164,0.9610272465215286
1.2,0.05,0.6884531980548484,0.89526316682923,0.8949947759728495,-0.0002683908563805293,-5.618501546567067e-06,0.8949891574713029,0.8728045489787801,0.9166315217350871,2.6460652991124074,0.03897504412941676,0.9610249558705832
1.2,0.1,0.6884531980548484,0.8960885916433056,0.8950116365457911,-0.001076955097514487,-2.2479074488157558e-05,0.8949891574713029,0.8500353518474809,0.9377690832272481,2.6460710008758124,0.03898420858487725,0.9610157914151229
1.2,0.15,0.6884531980548484,0.8974757684651752,0.8950397544027275,-0.0024360140624476445,-5.0596931424617964e-05,0.8949891574713029,0.8266333710207527,0.9584351394181148,2.646080506705477,0.03899948926354231,0.9610005107364581
1.2,0.2,0.6884531980548484,0.8994424264147156,0.8950791549236375,-0.004363271491078069,-8.999745233462253e-05,0.8949891574713029,0.8025433636356425,0.9786594580281383,2.646093820940544,0.03902089605371509,0.9609791039462852
