kind,B,true_bare_frequency,true_compressed_frequency,structural_assumptions_hold,certified,safe_samples,total_samples,unsafe_samples,minimum_reference_lower,minimum_denominator_margin,reason,design_condition,smallest_singular_value,largest_singular_value,left_inverse_defect_infinity_norm,maximum_defect_allowance,maximum_numerical_padding,slope,intercept,slope_error,intercept_error,inferred_frequency,inferred_stiffness_coupling,transformed_relative_rms,frequency_lower,frequency_upper,maximum_frequency_error,reported_box_contains_compressed,reported_box_contains_bare
valid_star,0.05,0.9695859240304266,0.9695859240304266,True,True,181,181,0,2.562846646146622,0.010837747810398913,conditional_star_model_parameter_box,70.63010442755781,0.0701594017284467,4.955365870655171,7.116242274271545e-15,4.447651421695622e-12,3.129999999999993e-09,624.9999999999986,-587.5605400487091,4.1902780316689735e-08,3.937021363245038e-08,0.9695859240304268,0.04000000000000004,1.5325427845405012e-14,0.96958592396544,0.9695859240954137,6.498690474643354e-11,True,True
true_dark_curvature,0.05,0.9697859240304266,0.9697859240304266,True,True,181,181,0,2.562846646146622,0.010848867639917095,conditional_star_model_parameter_box,70.64217139134112,0.07002585483857021,4.946778439331451,1.0734468869344482e-14,6.709043043756513e-12,3.129999999999998e-09,624.9999999999997,-587.8029615297182,4.1898801555223866e-08,3.937888670495788e-08,0.9697859240304273,0.040000000000000015,4.985311445146212e-14,0.9697859239654364,0.9697859240954182,6.499090154932219e-11,True,True
dark_remote,0.05,0.9695859240304266,0.9695770633178715,False,True,181,181,0,2.562846646146622,0.010046806946675167,conditional_star_model_parameter_box,73.09542897888242,0.06637994242991599,4.852070367508229,8.009299603747855e-15,5.368448297749446e-12,3.356384367561481e-09,670.2768735122962,-630.1087830320789,4.406680072059804e-08,4.1400702106021346e-08,0.9695733035086737,0.03862539043229998,0.00028312561771317126,0.9695733034449494,0.969573303572398,6.372435912282981e-11,False,False
mixed_source,0.05,0.9695859240304266,0.9695720433946664,False,True,181,181,0,2.3250541614337688,0.010914885202059918,conditional_star_model_parameter_box,70.63025552503005,0.07017346531380363,4.956369786190783,4.1772141301521515e-15,2.399903345416052e-12,2.877612308680817e-09,574.5224617361635,-540.1094332192972,4.1646463249227474e-08,3.913192019047106e-08,0.9695883193278019,0.04172021075510917,0.001165458839782862,0.9695883192575355,0.9695883193980683,7.026645931773601e-11,False,False
bright_drift,0.05,0.9695859240304266,0.9695859240304266,False,True,181,181,0,2.562846646146622,0.012148594826738144,conditional_star_model_parameter_box,70.65159014235232,0.07023728787145028,4.962376075404119,3.0600522116230877e-15,1.9125675096082198e-12,3.130056987957697e-09,625.0113975915394,-587.6969125628757,4.1884745225660604e-08,3.9363353061818764e-08,0.9696895960513067,0.039999635282059014,0.007423605366992899,0.9696895959863406,0.9696895961162727,6.496603255357059e-11,False,False
unknown_eta,0.05,0.9695859240304266,0.9695859240304266,False,True,181,181,0,2.562846646146622,0.010880476248544858,conditional_star_model_parameter_box,70.69238086412899,0.07024211869266135,4.96558260732497,5.815633348157934e-15,3.6383623680057045e-12,3.1330878194725013e-09,625.6175638945003,-588.141646778112,4.225547539556107e-08,3.970254350538962e-08,0.9695863665440735,0.039980252588517576,0.013263390344523715,0.9695863664786036,0.9695863666095434,6.546996278444794e-11,False,False
valid_star,0.1,0.9695859240304266,0.9695859240304266,True,True,181,181,0,2.562846646146622,0.044806805322239726,conditional_star_model_parameter_box,35.50694965375406,0.19067711141875068,6.770362595268835,5.976989736478089e-15,9.339046464211772e-13,7.86250000000001e-10,156.2500000000002,-146.8901350121776,1.6927248009597555e-08,1.590541188913824e-08,0.9695859240304262,0.07999999999999996,1.2577559888139701e-14,0.9695859239254125,0.9695859241354399,1.0501366443094184e-10,True,True
true_dark_curvature,0.1,0.9703859240304267,0.9703859240304267,True,True,181,181,0,2.562846646146622,0.04499754072134421,conditional_star_model_parameter_box,35.53131428342427,0.19098356768675462,6.785897166447711,2.4320823133194835e-15,3.8001286149542585e-13,7.8625e-10,156.25000000000003,-147.1326314931852,1.6927227505375967e-08,1.592137170406681e-08,0.9703859240304267,0.07999999999999999,3.958353385842496e-15,0.9703859239253605,0.970385924135493,1.0506628900230908e-10,True,True
dark_remote,0.1,0.9695859240304266,0.9695504810082599,False,True,181,181,0,2.562846646146622,0.041429022465564354,conditional_star_model_parameter_box,36.76531944119246,0.18125912514264408,6.66404963750039,3.1172980863303223e-15,5.223670980457215e-13,8.428523380293945e-10,167.57046760587892,-157.51571995542454,1.7664294267933723e-08,1.6597050758057247e-08,0.9695343723923118,0.07725049291408982,0.0005023006440345548,0.9695343722901317,0.9695343724944919,1.0218015322749352e-10,False,False
mixed_source,0.1,0.9695859240304266,0.9695304012085145,False,True,181,181,0,2.3250541614337688,0.04512571684095967,conditional_star_model_parameter_box,35.5073037531947,0.1906823797906928,6.770617179610164,2.6706067912662945e-15,3.8358754544149956e-13,7.231655245033534e-10,143.6331049006707,-135.03289624412272,1.68634282486327e-08,1.5846322066727974e-08,0.9695997994896317,0.08343969840726395,0.002079311062452787,0.9695997993758212,0.9695997996034422,1.1381051656655927e-10,False,False
bright_drift,0.1,0.9695859240304266,0.9695859240304266,False,True,181,181,0,2.562846646146622,0.050431246537788896,conditional_star_model_parameter_box,35.548537107804464,0.19103851863911403,6.7911398688625395,2.0643209364124004e-15,3.225651580828761e-13,7.862863599837343e-10,156.25727199674688,-147.03092124132436,1.6919622239354346e-08,1.5919575201077267e-08,0.9700278878503132,0.07999813843381161,0.013243951937756323,0.9700278877452816,0.9700278879553451,1.050318720885457e-10,False,False
unknown_eta,0.1,0.9695859240304266,0.9695859240304266,False,True,181,181,0,2.562846646146622,0.044986938236962294,conditional_star_model_parameter_box,35.544629111242145,0.19102277043990862,6.7898335270885015,6.6769506590347305e-15,1.0440121109328237e-12,7.86803074590052e-10,156.3606149180104,-146.99508030565835,1.7101947644306655e-08,1.6070003248743218e-08,0.9695890787880506,0.079971697607304,0.026983703812596002,0.9695890786820267,0.9695890788940743,1.0602385636104827e-10,False,False
valid_star,0.2,0.9695859240304266,0.9695859240304266,True,True,181,181,0,2.562846646146622,0.20703393474568174,conditional_star_model_parameter_box,17.748194461295352,0.5355285890031576,9.504665537211157,1.5400007657984105e-15,6.01562799251375e-14,2.0031250000000003e-10,39.06250000000001,-36.722533753044374,7.432156585696441e-09,6.981187177270551e-09,0.9695859240304264,0.15999999999999998,3.5328710033559066e-15,0.9695859238460259,0.9695859242148269,1.8440049487367105e-10,True,True
true_dark_curvature,0.2,0.9727859240304266,0.9727859240304266,True,True,181,181,0,2.562846646146622,0.2111744894993307,conditional_star_model_parameter_box,17.79678429967102,0.5344301336606352,9.511137812002678,2.886579864025407e-15,1.1275702595937294e-13,2.0031250000000005e-10,39.062500000000014,-36.96533023405201,7.433934209411698e-09,7.006720308413379e-09,0.9727859240304267,0.15999999999999998,3.3386768241213334e-15,0.9727859238456669,0.9727859242151865,1.8475987406674221e-10,True,True
dark_remote,0.2,0.9695859240304266,0.9694441491897935,False,True,181,181,0,2.562846646146622,0.18908416797189848,conditional_star_model_parameter_box,18.375877183572022,0.5082651572196938,9.339818105758019,5.564559230064603e-15,2.331214267878008e-13,2.1446980444232643e-10,41.89396088846529,-39.3675386339325,7.748730321181401e-09,7.276611832973658e-09,0.9693785814986747,0.15449850755951344,0.0009555980163538584,0.9693785813194373,0.969378581677912,1.7923740269765176e-10,False,False
mixed_source,0.2,0.9695859240304266,0.9693638282774787,False,True,181,181,0,2.3250541614337688,0.20850749480264613,conditional_star_model_parameter_box,17.748754721812535,0.5355461871765933,9.50527791839926,9.992007221626409e-16,3.5881691122625404e-14,1.845519674852606e-10,35.91039349705212,-33.763414460991136,7.416658446217721e-09,6.966691035755695e-09,0.9696457493034022,0.16687447714881593,0.003955952993429341,0.9696457491032329,0.9696457495035714,2.0016932555932954e-10,False,False
bright_drift,0.2,0.9695859240304266,0.9695859240304266,False,True,181,181,0,2.562846646146622,0.23765311071532702,conditional_star_model_parameter_box,17.827728591525382,0.5347866983277887,9.534032112145777,1.0881053003064522e-15,4.250998888897579e-14,2.0033949916948316e-10,39.06789983389663,-36.86366998265702,7.434279029450289e-09,7.014057391135779e-09,0.9713802114188758,0.15998894228659497,0.02520725089573026,0.9713802112340407,0.9713802116037107,1.8483503616550934e-10,False,False
unknown_eta,0.2,0.9695859240304266,0.9695859240304266,False,True,181,181,0,2.562846646146622,0.20784648828346955,conditional_star_model_parameter_box,17.769167237430334,0.5363387733359692,9.530293359325078,2.7755575615628914e-15,1.0836678904860082e-13,2.0021625227482498e-10,39.043250454965,-36.706192828271185,7.52448430514855e-09,7.06617101869643e-09,0.9696091105937119,0.16003943764463935,0.05394234430212008,0.9696091104069516,0.9696091107804722,1.8676027391251182e-10,False,False
