arithmetic_row_relaxation,bare_frequency_in_interval,case,coupling_squared_lower,coupling_squared_upper,epsilon,error_radius,estimate_joint_scaled_residual,estimated_parameters_in_outer_box,estimated_parameters_in_outer_set,field,fixed_gamma,gamma_lower,gamma_upper,inferred_gamma,inferred_omega,maximum_primal_residual,model,omega_lower,omega_upper,phase_one_primal_residual,phase_one_slack,r_lower,r_upper,reason,remainder_bare_frequency_in_interval,remainder_coupling_squared_lower,remainder_coupling_squared_upper,remainder_gamma_lower,remainder_gamma_upper,remainder_omega_lower,remainder_omega_upper,remainder_status,replicate,root_imag,root_imag_lower,root_imag_upper,root_real,root_real_lower,root_real_upper,safe_samples,seed,solver_status,status,uniformly_underdamped_outer_box,unsafe_samples
1e-09,True,0,0.0015999489199983597,0.0016000510800016868,0,0.0,-1.0000015407754526e-09,True,True,0.05,,0.002999946099795611,0.003000053900204102,0.0029999999999999996,0.9695859240304269,1.0526134889551342e-13,isolated,0.9695858733925234,0.9695859746683271,,,0.9400967658823426,0.9400969622735298,rectangular_outer_set_nonempty,,,,,,,,,0,-0.0029999999999999996,-0.003000053900204102,-0.002999946099795611,0.9695812828628328,0.9695812320579119,0.9695813336677476,181,2026092700,0,compatible,True,0
1e-09,True,1,0.0015998633651717646,0.001600122053924447,0.0001,0.002674966886875418,-4.698958691595756e-08,True,True,0.05,,0.002999331479503814,0.0030004264937740317,0.003000020918778965,0.9695860880104968,6.499571663135415e-22,isolated,0.9695853396301052,0.9695867556980251,,,0.9400957308256264,0.9400984768250219,rectangular_outer_set_nonempty,,,,,,,,,0,-0.003000020918778965,-0.0030004264937740317,-0.002999331479503814,0.9695814467789624,0.9695806971399966,0.9695821166026619,181,2026092800,0,compatible,True,0
1e-09,True,2,0.0015999026323854988,0.0016001795754196908,0.0001,0.002674966886875418,-5.043678338141255e-08,True,True,0.05,,0.0029996763026159056,0.0030004449968695467,0.0030001227686756904,0.9695860065246367,0.0,isolated,0.9695852059311391,0.9695865470163356,,,0.9400954715605294,0.9400980721550608,rectangular_outer_set_nonempty,,,,,,,,,1,-0.0030001227686756904,-0.0030004449968695467,-0.0029996763026159056,0.9695813649775689,0.9695805633831313,0.9695819068532273,181,2026092801,0,compatible,True,0
1e-09,True,3,0.0015998843140881587,0.0016001173204817042,0.0001,0.002674966886875418,-4.603045390683125e-08,True,True,0.05,,0.002999654599932452,0.003000675980623816,0.0030002040689821583,0.9695861307504121,5.551115123125783e-17,isolated,0.9695857564132101,0.9695867630572181,,,0.9400965390393768,0.940098491095774,rectangular_outer_set_nonempty,,,,,,,,,2,-0.0030002040689821583,-0.003000675980623816,-0.002999654599932452,0.9695814889523725,0.9695811131530132,0.9695821229622869,181,2026092802,0,compatible,True,0
1e-09,True,4,0.0015999004864654532,0.0016001566689637988,0.0001,0.002674966886875418,-6.13676316638112e-08,True,True,0.05,,0.00299946213342961,0.003000771088051823,0.0030000380404708485,0.9695858435790197,0.0,isolated,0.9695854526928325,0.9695865663559494,,,0.940095950073565,0.9400981096579198,rectangular_outer_set_nonempty,,,,,,,,,3,-0.0030000380404708485,-0.003000771088051823,-0.00299946213342961,0.969581202293338,0.9695808091368363,0.969581926855503,181,2026092803,0,compatible,True,0
1e-09,True,5,0.0015999062219882664,0.001600178050455314,0.0001,0.002674966886875418,-1.2457807015418965e-08,True,True,0.05,,0.002999738593416734,0.003000368584243221,0.0030001201443124056,0.9695860502464311,0.0,isolated,0.9695852617841223,0.969586512066274,,,0.940095579868985,0.9400980043808429,rectangular_outer_set_nonempty,,,,,,,,,4,-0.0030001201443124056,-0.003000368584243221,-0.002999738593416734,0.9695814087076929,0.9695806194728438,0.9695818717102822,181,2026092804,0,compatible,True,0
1e-09,True,6,0.0015992001897249769,0.0016010735300617707,0.001,0.02674966886875418,-7.811888348557838e-07,True,True,0.05,,0.002995211345218813,0.0030041169251610643,0.00299974280918829,0.9695835745264548,0.0,isolated,0.9695743202701324,0.9695922463969422,,,0.9400743625272892,0.9401091242730686,rectangular_outer_set_nonempty,,,,,,,,,0,-0.00299974280918829,-0.0030041169251610643,-0.002995211345218813,0.969578934143361,0.9695696662998431,0.9695876200643582,163,2026092900,0,compatible,True,18
1e-09,True,7,0.0015989288039493265,0.0016005840526643648,0.001,0.02674966886875418,-6.491858456011967e-07,True,True,0.05,,0.002994378995588772,0.0030062960038179133,0.0030008250581533415,0.969586294654288,1.3877787807814457e-17,isolated,0.9695813295264868,0.9695931841704125,,,0.9400879545663497,0.9401109427897195,rectangular_outer_set_nonempty,,,,,,,,,1,-0.0030008250581533415,-0.0030062960038179133,-0.002994378995588772,0.9695816509352898,0.9695766688357798,0.9695885604132045,160,2026092901,0,compatible,True,21
1e-09,True,8,0.0015992671331361335,0.0016009334605086598,0.001,0.02674966886875418,-4.308801425031983e-07,True,True,0.05,,0.0029938831185273157,0.0030070013541676536,0.0029993147203520153,0.9695849543961833,1.3877787807814457e-17,isolated,0.9695797955194349,0.9695908704317471,,,0.940084979879509,0.940106456024593,rectangular_outer_set_nonempty,,,,,,,,,2,-0.0029993147203520153,-0.0030070013541676536,-0.0029938831185273157,0.9695803153440448,0.9695751326340651,0.9695862481947986,161,2026092902,0,compatible,True,20
1e-09,True,9,0.0015990517289352203,0.0016005692991649543,0.001,0.02674966886875418,-5.244211237279139e-07,True,True,0.05,,0.002994937455586225,0.0030070311832306115,0.002998260700408856,0.9695829859951492,3.469446951953614e-17,isolated,0.9695778017044657,0.9695899520930017,,,0.9400811135580643,0.9401046751997094,rectangular_outer_set_nonempty,,,,,,,,,3,-0.002998260700408856,-0.0030070311832306115,-0.002994937455586225,0.9695783501935479,0.9695731387169961,0.9695853265955228,163,2026092903,0,compatible,True,18
1e-09,True,10,0.0015988435744697287,0.0016010091110541412,0.001,0.02674966886875418,-8.077804394546195e-07,True,True,0.05,,0.002992551206536169,0.0030046109928483816,0.0030001043203040346,0.9695844505645278,1.3877787807814457e-17,isolated,0.9695768988621399,0.9695889117642353,,,0.9400793628071242,0.9401026578161542,rectangular_outer_set_nonempty,,,,,,,,,4,-0.0030001043203040346,-0.0030046109928483816,-0.002992551206536169,0.9695798090670951,0.9695722433732856,0.9695842936297135,162,2026092904,0,compatible,True,19
1e-09,True,11,0.006399948679993315,0.006400051320006765,0,0.0,-1.000006326536517e-09,True,True,0.1,,0.002999948381042687,0.003000051618957234,0.003,0.9695859240304269,1.9780088431147636e-13,isolated,0.969585873490884,0.9695859745744865,,,0.9400967660730806,0.9400969620915567,rectangular_outer_set_nonempty,,,,,,,,,0,-0.003,-0.003000051618957234,-0.002999948381042687,0.9695812828628328,0.9695812321633315,0.9695813335668482,181,2026093700,0,compatible,True,0
1e-09,True,12,0.006399603342658497,0.0064006183032103755,0.0001,0.002674966886875418,-4.449175962373264e-08,True,True,0.1,,0.0029985606460594693,0.0030008690631131477,0.002999739997471844,0.9695857682207061,0.0,isolated,0.9695840081321868,0.9695873821502837,,,0.9400931488256764,0.9400996916250403,rectangular_outer_set_nonempty,,,,,,,,,0,-0.002999739997471844,-0.0030008690631131477,-0.0029985606460594693,0.9695811278568103,0.9695793642660422,0.9695827454421269,181,2026093800,0,compatible,True,0
1e-09,True,13,0.0063992605037234375,0.006400256906589051,0.0001,0.002674966886875418,-2.596327792758757e-07,True,True,0.1,,0.0029989646784844845,0.0030008996478905767,0.002999852265050473,0.9695860912589549,0.0,isolated,0.9695842901982391,0.9695880744286349,,,0.9400936957992231,0.9401010340742282,rectangular_outer_set_nonempty,,,,,,,,,1,-0.002999852265050473,-0.0030008996478905767,-0.0029989646784844845,0.9695814505492596,0.9695796462387845,0.9695834364741827,181,2026093801,0,compatible,True,0
1e-09,True,14,0.006399635677964026,0.006400241135726868,0.0001,0.002674966886875418,1.4377901008666427e-08,True,False,0.1,,0.0029980073119286093,0.0030007177908098113,0.002998789272539309,0.9695854675932393,0.0,isolated,0.969585315784441,0.9695876661546419,,,0.9400956845848141,0.9401002423592053,rectangular_outer_set_nonempty,,,,,,,,,2,-0.002998789272539309,-0.0030007177908098113,-0.0029980073119286093,0.9695808301688412,0.969580672392738,0.9695830311589425,181,2026093802,0,compatible,True,0
1e-09,True,15,0.0063997696930431095,0.006400410012395662,0.0001,0.002674966886875418,-8.239596926973292e-08,True,True,0.1,,0.0029990751370029332,0.00300068709486127,0.002999799908676027,0.969585991416632,0.0,isolated,0.9695847202988994,0.9695868450067524,,,0.940094529837095,0.940098650010148,rectangular_outer_set_nonempty,,,,,,,,,3,-0.002999799908676027,-0.00300068709486127,-0.0029990751370029332,0.9695813508684463,0.9695800769993439,0.9695822067047594,181,2026093803,0,compatible,True,0
1e-09,True,16,0.006399685817514565,0.006400330231650035,0.0001,0.002674966886875418,3.588115481123477e-08,True,False,0.1,,0.0029978346820420123,0.003001101147358798,0.0029994036879602863,0.9695863977928354,0.0,isolated,0.9695845038294711,0.9695868677600705,,,0.9400941100662417,0.9400986941327846,rectangular_outer_set_nonempty,,,,,,,,,4,-0.0029994036879602863,-0.003001101147358798,-0.0029978346820420123,0.9695817584723854,0.9695798592473676,0.9695822332943214,181,2026093804,0,compatible,True,0
1e-09,True,17,0.0063968338516028535,0.006404627388045711,0.001,0.02674966886875418,-2.6360422757387703e-06,True,True,0.1,,0.0029842995802846772,0.0030151776909595075,0.003002937026866631,0.9695932673101634,0.0,isolated,0.9695742291971738,0.9696073712378361,,,0.9400741859232937,0.940138454358747,rectangular_outer_set_nonempty,,,,,,,,,0,-0.003002937026866631,-0.0030151776909595075,-0.0029842995802846772,0.9695886170858291,0.9695695408926508,0.9696027786236806,181,2026093900,0,compatible,True,0
1e-09,True,18,0.006396156212465551,0.006403882977563912,0.001,0.02674966886875418,-2.4533296789086556e-06,True,True,0.1,,0.002976277989819159,0.003017966920066118,0.00299304251618548,0.9695952644632463,2.7755575615628914e-17,isolated,0.9695786105229178,0.9696080406968921,,,0.940082681983552,0.9401397525840659,rectangular_outer_set_nonempty,,,,,,,,,1,-0.00299304251618548,-0.003017966920066118,-0.002976277989819159,0.9695906448424761,0.9695739135616332,0.9696034727420242,181,2026093901,0,compatible,True,0
1e-09,True,19,0.00639560033301618,0.006403412185840554,0.001,0.02674966886875418,-8.541858960292581e-07,True,True,0.1,,0.0029845834718723856,0.003009977734936183,0.0029973169635709286,0.9695947183274931,0.0,isolated,0.9695766398544347,0.9696045901039878,,,0.940078860551416,0.9401330611507223,rectangular_outer_set_nonempty,,,,,,,,,2,-0.0029973169635709286,-0.003009977734936183,-0.0029845834718723856,0.9695900854998418,0.9695719677184624,0.969599996602837,181,2026093902,0,compatible,True,0
1e-09,True,20,0.006397366946779527,0.0064037480038043925,0.001,0.02674966886875418,-1.5207340514494794e-06,True,True,0.1,,0.002995955993365819,0.003008262052849606,0.0030011634247830805,0.9695834428908862,0.0,isolated,0.9695714006981796,0.9696011253181912,,,0.94006870105183,0.9401263422183028,rectangular_outer_set_nonempty,,,,,,,,,3,-0.0030011634247830805,-0.003008262052849606,-0.002995955993365819,0.9695787981109334,0.9695667338617036,0.9695964967273699,181,2026093903,0,compatible,True,0
1e-09,True,21,0.006396778548774092,0.006403523850459734,0.001,0.02674966886875418,-1.7544127618035477e-06,True,True,0.1,,0.0029857830870404834,0.0030096168532769106,0.0029944743443755663,0.9695878664110039,0.0,isolated,0.9695798916543058,0.9696012127356625,,,0.9400851663003754,0.9401265117384674,rectangular_outer_set_nonempty,,,,,,,,,4,-0.0029944743443755663,-0.0030096168532769106,-0.0029857830870404834,0.9695832423339646,0.9695752206542677,0.9695966155251495,181,2026093904,0,compatible,True,0
1e-09,True,22,0.02559994771593532,0.025600052280029952,0,0.0,-1.0000162240013091e-09,True,True,0.2,,0.0029999487321198774,0.003000051267407264,0.0029999999999999983,0.9695859240304265,4.931777208838639e-11,isolated,0.9695858734908741,0.9695859745703133,,,0.9400967660730613,0.9400969620834642,rectangular_outer_set_nonempty,,,,,,,,,0,-0.0029999999999999983,-0.003000051267407264,-0.0029999487321198774,0.9695812828628325,0.9695812321644093,0.9695813335615887,181,2026094700,0,compatible,True,0
1e-09,True,23,0.025598176576302107,0.02560242616161176,0.0001,0.002674966886875418,-1.1339518092620915e-06,True,True,0.2,,0.0029974354369439946,0.003002778558968225,0.003001328069812873,0.9695861278968506,5.551115123125783e-17,isolated,0.9695801551456389,0.9695902211951826,,,0.9400856772522412,0.940105197037323,rectangular_outer_set_nonempty,,,,,,,,,0,-0.003001328069812873,-0.003002778558968225,-0.0029974354369439946,0.9695814826201176,0.9695755053492054,0.9695855879797948,181,2026094800,0,compatible,True,0
1e-09,True,24,0.025598106031410203,0.025601383607463175,0.0001,0.002674966886875418,-8.604303313175521e-07,True,True,0.2,,0.002996906944644292,0.003004893917654255,0.003001021914939298,0.9695857882005654,1.1102230246251565e-16,isolated,0.969582806291609,0.9695882864200344,,,0.9400908182563117,0.9401014451629387,rectangular_outer_set_nonempty,,,,,,,,,1,-0.003001021914939298,-0.003004893917654255,-0.002996906944644292,0.9695811438698556,0.9695781499543269,0.9695836548290735,181,2026094801,0,compatible,True,0
1e-09,True,25,0.025598366772665297,0.02560231480560584,0.0001,0.002674966886875418,8.658510858294832e-08,True,False,0.2,,0.0029971329552461188,0.003005542662636688,0.002999374403205891,0.9695862813164335,0.0,isolated,0.9695799240896499,0.9695900162263668,,,0.9400852291976913,0.9401047995658461,rectangular_outer_set_nonempty,,,,,,,,,2,-0.002999374403205891,-0.003005542662636688,-0.0029971329552461188,0.9695816420860183,0.969575265727728,0.9695853839450628,181,2026094802,0,compatible,True,0
1e-09,True,26,0.025598371931523554,0.02560143503717729,0.0001,0.002674966886875418,-9.8018086963636e-07,True,True,0.2,,0.0029966889333474227,0.003000751670469743,0.0029989332284675683,0.9695866209006272,0.0,isolated,0.9695845181988507,0.9695892899818929,,,0.9400941379308975,0.9401033912475912,rectangular_outer_set_nonempty,,,,,,,,,3,-0.0029989332284675683,-0.003000751670469743,-0.0029966889333474227,0.9695819830364979,0.9695798746984746,0.9695846590695564,181,2026094803,0,compatible,True,0
1e-09,True,27,0.025597015732550965,0.025601935357037867,0.0001,0.002674966886875418,-8.737610125708617e-07,True,True,0.2,,0.002996018786575702,0.0030028869827166864,0.002997851874430232,0.969586205784577,1.3877787807814457e-16,isolated,0.9695837352890677,0.9695888488486701,,,0.9400926197371009,0.9401025358116893,rectangular_outer_set_nonempty,,,,,,,,,4,-0.002997851874430232,-0.0030028869827166864,-0.002996018786575702,0.9695815712625065,0.9695790851740099,0.9695842200052143,181,2026094804,0,compatible,True,0
1e-09,True,28,0.025577238823894143,0.02561605518929614,0.001,0.02674966886875418,3.6447139695194863e-07,True,False,0.2,,0.0029850579005274826,0.0030667692037845556,0.0030023014267801604,0.969605312082181,5.551115123125783e-17,isolated,0.9695625104553494,0.9696141712593379,,,0.9400514616804794,0.9401516411069326,rectangular_outer_set_nonempty,,,,,,,,,0,-0.0030023014267801604,-0.0030667692037845556,-0.0029850579005274826,0.9696006638839139,0.9695576602797433,0.9696095763431088,181,2026094900,0,compatible,True,0
1e-09,True,29,0.02558501088509226,0.025618056395443047,0.001,0.02674966886875418,-1.1221135472944122e-05,True,True,0.2,,0.002957185272895659,0.00303060577241978,0.0030047846821668507,0.9696060131932905,0.0,isolated,0.9695548969714524,0.9696473883779834,,,0.9400366982413235,0.9402160577882437,rectangular_outer_set_nonempty,,,,,,,,,1,-0.0030047846821668507,-0.00303060577241978,-0.002957185272895659,0.9696013573059814,0.9695501604713269,0.9696428790248013,181,2026094901,0,compatible,True,0
1e-09,True,30,0.025589314424882645,0.025640281527229844,0.001,0.02674966886875418,-1.5954706330728596e-05,True,True,0.2,,0.0029591682952399257,0.003055910472335687,0.0029902521019714726,0.9695941650157089,0.0,isolated,0.9695481968270103,0.9696424990205745,,,0.9400237059705072,0.9402065759068648,rectangular_outer_set_nonempty,,,,,,,,,2,-0.0029902521019714726,-0.003055910472335687,-0.0029591682952399257,0.9695895539994625,0.9695433808663191,0.969637983594839,181,2026094902,0,compatible,True,0
1e-09,True,31,0.025583742535118408,0.025623750690462695,0.001,0.02674966886875418,5.794965709460254e-06,True,False,0.2,,0.0029852780738820078,0.003014256058794285,0.003004376378441996,0.9695557047772427,0.0,isolated,0.9695460148538604,0.9696294099544555,,,0.9400194749190021,0.9401811926486255,rectangular_outer_set_nonempty,,,,,,,,,3,-0.003004376378441996,-0.003014256058794285,-0.0029852780738820078,0.9695510499136559,0.9695413292786512,0.9696248144325965,181,2026094903,0,compatible,True,0
1e-09,True,32,0.025575740496665254,0.025610750935483536,0.001,0.02674966886875418,1.1679676676590312e-05,True,False,0.2,,0.002976474680306083,0.003022043994244625,0.0030205280497661935,0.9696136909295123,5.551115123125783e-17,isolated,0.9695581811782585,0.9696157675097323,,,0.9400430666896927,0.9401547366034873,rectangular_outer_set_nonempty,,,,,,,,,4,-0.0030205280497661935,-0.003022043994244625,-0.002976474680306083,0.9696089861631092,0.9695534714185647,0.9696111989874935,181,2026094904,0,compatible,True,0
1e-09,,33,,,0,0.0,,,,0.05,,,,,,,near_weak,,,4.903129624520323e-19,0.0008725979544822563,,,exact_float_lp_separation,,,,,,,,,0,,,,,,,181,2026102700,2,inconsistent,,0
1e-09,,34,,,0.0001,0.002674966886875418,,,,0.05,,,,,,,near_weak,,,0.0,0.0008042787774008543,,,exact_float_lp_separation,,,,,,,,,0,,,,,,,181,2026102800,2,inconsistent,,0
1e-09,,35,,,0.0001,0.002674966886875418,,,,0.05,,,,,,,near_weak,,,5.663209345783049e-20,0.0008053929668992631,,,exact_float_lp_separation,,,,,,,,,1,,,,,,,181,2026102801,2,inconsistent,,0
1e-09,,36,,,0.0001,0.002674966886875418,,,,0.05,,,,,,,near_weak,,,1.1102230246251565e-16,0.0008113873906441955,,,exact_float_lp_separation,,,,,,,,,2,,,,,,,181,2026102802,2,inconsistent,,0
1e-09,,37,,,0.0001,0.002674966886875418,,,,0.05,,,,,,,near_weak,,,1.1102230246251565e-16,0.0008068916032192091,,,exact_float_lp_separation,,,,,,,,,3,,,,,,,181,2026102803,2,inconsistent,,0
1e-09,,38,,,0.0001,0.002674966886875418,,,,0.05,,,,,,,near_weak,,,0.0,0.0008011693325997338,,,exact_float_lp_separation,,,,,,,,,4,,,,,,,181,2026102804,2,inconsistent,,0
1e-09,,39,,,0.001,0.02674966886875418,,,,0.05,,,,,,,near_weak,,,3.469446951953614e-18,0.00011753681312563717,,,exact_float_lp_separation,,,,,,,,,0,,,,,,,167,2026102900,2,inconsistent,,14
1e-09,,40,,,0.001,0.02674966886875418,,,,0.05,,,,,,,near_weak,,,1.734723475976807e-18,0.00014810262056665584,,,exact_float_lp_separation,,,,,,,,,1,,,,,,,158,2026102901,2,inconsistent,,23
1e-09,,41,,,0.001,0.02674966886875418,,,,0.05,,,,,,,near_weak,,,5.663209345783049e-20,0.00014973169445098815,,,exact_float_lp_separation,,,,,,,,,2,,,,,,,164,2026102902,2,inconsistent,,17
1e-09,,42,,,0.001,0.02674966886875418,,,,0.05,,,,,,,near_weak,,,5.663209345783049e-20,0.0001470943179996533,,,exact_float_lp_separation,,,,,,,,,3,,,,,,,171,2026102903,2,inconsistent,,10
1e-09,,43,,,0.001,0.02674966886875418,,,,0.05,,,,,,,near_weak,,,5.663209345783049e-20,0.0001763779343149977,,,exact_float_lp_separation,,,,,,,,,4,,,,,,,170,2026102904,2,inconsistent,,11
1e-09,,44,,,0,0.0,,,,0.1,,,,,,,near_weak,,,2.889640988157225e-17,0.00334651630502624,,,exact_float_lp_separation,,,,,,,,,0,,,,,,,181,2026103700,2,inconsistent,,0
1e-09,,45,,,0.0001,0.002674966886875418,,,,0.1,,,,,,,near_weak,,,2.7347252795493137e-19,0.0032523954066238005,,,exact_float_lp_separation,,,,,,,,,0,,,,,,,181,2026103800,2,inconsistent,,0
1e-09,,46,,,0.0001,0.002674966886875418,,,,0.1,,,,,,,near_weak,,,0.0,0.0032743869992110193,,,exact_float_lp_separation,,,,,,,,,1,,,,,,,181,2026103801,2,inconsistent,,0
1e-09,,47,,,0.0001,0.002674966886875418,,,,0.1,,,,,,,near_weak,,,8.155736141976836e-19,0.003292451743325202,,,exact_float_lp_separation,,,,,,,,,2,,,,,,,181,2026103802,2,inconsistent,,0
1e-09,,48,,,0.0001,0.002674966886875418,,,,0.1,,,,,,,near_weak,,,0.0,0.0032445219137274867,,,exact_float_lp_separation,,,,,,,,,3,,,,,,,181,2026103803,2,inconsistent,,0
1e-09,,49,,,0.0001,0.002674966886875418,,,,0.1,,,,,,,near_weak,,,3.469446951953614e-18,0.0032754237489779547,,,exact_float_lp_separation,,,,,,,,,4,,,,,,,181,2026103804,2,inconsistent,,0
1e-09,,50,,,0.001,0.02674966886875418,,,,0.1,,,,,,,near_weak,,,3.469446951953614e-18,0.0026852973139859368,,,exact_float_lp_separation,,,,,,,,,0,,,,,,,181,2026103900,2,inconsistent,,0
1e-09,,51,,,0.001,0.02674966886875418,,,,0.1,,,,,,,near_weak,,,2.7347252795493137e-19,0.0027261117408923204,,,exact_float_lp_separation,,,,,,,,,1,,,,,,,181,2026103901,2,inconsistent,,0
1e-09,,52,,,0.001,0.02674966886875418,,,,0.1,,,,,,,near_weak,,,2.7347252795493137e-19,0.002885468312045289,,,exact_float_lp_separation,,,,,,,,,2,,,,,,,181,2026103902,2,inconsistent,,0
1e-09,,53,,,0.001,0.02674966886875418,,,,0.1,,,,,,,near_weak,,,3.469446951953614e-18,0.002513887882634359,,,exact_float_lp_separation,,,,,,,,,3,,,,,,,181,2026103903,2,inconsistent,,0
1e-09,,54,,,0.001,0.02674966886875418,,,,0.1,,,,,,,near_weak,,,2.7347252795493137e-19,0.0028425007804426614,,,exact_float_lp_separation,,,,,,,,,4,,,,,,,181,2026103904,2,inconsistent,,0
1e-09,,55,,,0,0.0,,,,0.2,,,,,,,near_weak,,,9.81445164582737e-18,0.010764058765245546,,,exact_float_lp_separation,,,,,,,,,0,,,,,,,181,2026104700,2,inconsistent,,0
1e-09,,56,,,0.0001,0.002674966886875418,,,,0.2,,,,,,,near_weak,,,1.3283898597780985e-17,0.010674401691646082,,,exact_float_lp_separation,,,,,,,,,0,,,,,,,181,2026104800,2,inconsistent,,0
1e-09,,57,,,0.0001,0.002674966886875418,,,,0.2,,,,,,,near_weak,,,1.3877787807814457e-17,0.010621043015675413,,,exact_float_lp_separation,,,,,,,,,1,,,,,,,181,2026104801,2,inconsistent,,0
1e-09,,58,,,0.0001,0.002674966886875418,,,,0.2,,,,,,,near_weak,,,5.551115123125783e-16,0.010642148099186151,,,exact_float_lp_separation,,,,,,,,,2,,,,,,,181,2026104802,2,inconsistent,,0
1e-09,,59,,,0.0001,0.002674966886875418,,,,0.2,,,,,,,near_weak,,,2.220446049250313e-16,0.010681495061520704,,,exact_float_lp_separation,,,,,,,,,3,,,,,,,181,2026104803,2,inconsistent,,0
1e-09,,60,,,0.0001,0.002674966886875418,,,,0.2,,,,,,,near_weak,,,3.0631133357549056e-17,0.010639672963577276,,,exact_float_lp_separation,,,,,,,,,4,,,,,,,181,2026104804,2,inconsistent,,0
1e-09,,61,,,0.001,0.02674966886875418,,,,0.2,,,,,,,near_weak,,,1.140834265943335e-18,0.010246375211917215,,,exact_float_lp_separation,,,,,,,,,0,,,,,,,181,2026104900,2,inconsistent,,0
1e-09,,62,,,0.001,0.02674966886875418,,,,0.2,,,,,,,near_weak,,,1.3877787807814457e-17,0.010366041462904579,,,exact_float_lp_separation,,,,,,,,,1,,,,,,,181,2026104901,2,inconsistent,,0
1e-09,,63,,,0.001,0.02674966886875418,,,,0.2,,,,,,,near_weak,,,2.875557741920142e-18,0.010012637391544356,,,exact_float_lp_separation,,,,,,,,,2,,,,,,,181,2026104902,2,inconsistent,,0
1e-09,,64,,,0.001,0.02674966886875418,,,,0.2,,,,,,,near_weak,,,1.1102230246251565e-16,0.010352078440063237,,,exact_float_lp_separation,,,,,,,,,3,,,,,,,181,2026104903,2,inconsistent,,0
1e-09,,65,,,0.001,0.02674966886875418,,,,0.2,,,,,,,near_weak,,,1.1102230246251565e-16,0.010332336660013161,,,exact_float_lp_separation,,,,,,,,,4,,,,,,,181,2026104904,2,inconsistent,,0
1e-09,,66,,,0,0.0,,,,0.05,,,,,,,near_strong,,,2.8029048143583845e-17,0.0017377343841410038,,,exact_float_lp_separation,,,,,,,,,0,,,,,,,181,2026112700,2,inconsistent,,0
1e-09,,67,,,0.0001,0.002674966886875418,,,,0.05,,,,,,,near_strong,,,2.7347252795493137e-19,0.001564071665589647,,,exact_float_lp_separation,,,,,,,,,0,,,,,,,181,2026112800,2,inconsistent,,0
1e-09,,68,,,0.0001,0.002674966886875418,,,,0.05,,,,,,,near_strong,,,3.469446951953614e-18,0.0015863308047240853,,,exact_float_lp_separation,,,,,,,,,1,,,,,,,181,2026112801,2,inconsistent,,0
1e-09,,69,,,0.0001,0.002674966886875418,,,,0.05,,,,,,,near_strong,,,0.0,0.0015061740108699099,,,exact_float_lp_separation,,,,,,,,,2,,,,,,,181,2026112802,2,inconsistent,,0
1e-09,,70,,,0.0001,0.002674966886875418,,,,0.05,,,,,,,near_strong,,,2.4636747364279376e-19,0.0015973389228547614,,,exact_float_lp_separation,,,,,,,,,3,,,,,,,181,2026112803,2,inconsistent,,0
1e-09,,71,,,0.0001,0.002674966886875418,,,,0.05,,,,,,,near_strong,,,2.7347252795493137e-19,0.0016009911683758983,,,exact_float_lp_separation,,,,,,,,,4,,,,,,,181,2026112804,2,inconsistent,,0
1e-09,,72,,,0.001,0.02674966886875418,,,,0.05,,,,,,,near_strong,,,5.663209345783049e-20,0.0004411868086340442,,,exact_float_lp_separation,,,,,,,,,0,,,,,,,167,2026112900,2,inconsistent,,14
1e-09,,73,,,0.001,0.02674966886875418,,,,0.05,,,,,,,near_strong,,,5.663209345783049e-20,0.00047305637747598,,,exact_float_lp_separation,,,,,,,,,1,,,,,,,166,2026112901,2,inconsistent,,15
1e-09,,74,,,0.001,0.02674966886875418,,,,0.05,,,,,,,near_strong,,,0.0,0.0007483542781253358,,,exact_float_lp_separation,,,,,,,,,2,,,,,,,169,2026112902,2,inconsistent,,12
1e-09,,75,,,0.001,0.02674966886875418,,,,0.05,,,,,,,near_strong,,,5.663209345783049e-20,0.0003800346863462869,,,exact_float_lp_separation,,,,,,,,,3,,,,,,,163,2026112903,2,inconsistent,,18
1e-09,,76,,,0.001,0.02674966886875418,,,,0.05,,,,,,,near_strong,,,1.1102230246251565e-16,0.0005558741966402339,,,exact_float_lp_separation,,,,,,,,,4,,,,,,,167,2026112904,2,inconsistent,,14
1e-09,,77,,,0,0.0,,,,0.1,,,,,,,near_strong,,,5.445230710763075e-19,0.006829498455924636,,,exact_float_lp_separation,,,,,,,,,0,,,,,,,181,2026113700,2,inconsistent,,0
1e-09,,78,,,0.0001,0.002674966886875418,,,,0.1,,,,,,,near_strong,,,1.3877787807814457e-17,0.006604153719163931,,,exact_float_lp_separation,,,,,,,,,0,,,,,,,181,2026113800,2,inconsistent,,0
1e-09,,79,,,0.0001,0.002674966886875418,,,,0.1,,,,,,,near_strong,,,1.140834265943335e-18,0.006603816736361376,,,exact_float_lp_separation,,,,,,,,,1,,,,,,,181,2026113801,2,inconsistent,,0
1e-09,,80,,,0.0001,0.002674966886875418,,,,0.1,,,,,,,near_strong,,,1.140834265943335e-18,0.0066257300777289255,,,exact_float_lp_separation,,,,,,,,,2,,,,,,,181,2026113802,2,inconsistent,,0
1e-09,,81,,,0.0001,0.002674966886875418,,,,0.1,,,,,,,near_strong,,,6.938893903907228e-18,0.0067447165994697035,,,exact_float_lp_separation,,,,,,,,,3,,,,,,,181,2026113803,2,inconsistent,,0
1e-09,,82,,,0.0001,0.002674966886875418,,,,0.1,,,,,,,near_strong,,,1.140834265943335e-18,0.006658578283794569,,,exact_float_lp_separation,,,,,,,,,4,,,,,,,181,2026113804,2,inconsistent,,0
1e-09,,83,,,0.001,0.02674966886875418,,,,0.1,,,,,,,near_strong,,,1.140834265943335e-18,0.005712836779133763,,,exact_float_lp_separation,,,,,,,,,0,,,,,,,181,2026113900,2,inconsistent,,0
1e-09,,84,,,0.001,0.02674966886875418,,,,0.1,,,,,,,near_strong,,,6.938893903907228e-18,0.005459647123905786,,,exact_float_lp_separation,,,,,,,,,1,,,,,,,181,2026113901,2,inconsistent,,0
1e-09,,85,,,0.001,0.02674966886875418,,,,0.1,,,,,,,near_strong,,,6.938893903907228e-18,0.005517553374025751,,,exact_float_lp_separation,,,,,,,,,2,,,,,,,181,2026113902,2,inconsistent,,0
1e-09,,86,,,0.001,0.02674966886875418,,,,0.1,,,,,,,near_strong,,,1.140834265943335e-18,0.005377746471521988,,,exact_float_lp_separation,,,,,,,,,3,,,,,,,181,2026113903,2,inconsistent,,0
1e-09,,87,,,0.001,0.02674966886875418,,,,0.1,,,,,,,near_strong,,,1.140834265943335e-18,0.005256465016316937,,,exact_float_lp_separation,,,,,,,,,4,,,,,,,181,2026113904,2,inconsistent,,0
1e-09,,88,,,0,0.0,,,,0.2,,,,,,,near_strong,,,2.875557741920142e-18,0.02481942036665228,,,exact_float_lp_separation,,,,,,,,,0,,,,,,,181,2026114700,2,inconsistent,,0
1e-09,,89,,,0.0001,0.002674966886875418,,,,0.2,,,,,,,near_strong,,,1.2430620106029664e-16,0.024599636116832788,,,exact_float_lp_separation,,,,,,,,,0,,,,,,,181,2026114800,2,inconsistent,,0
1e-09,,90,,,0.0001,0.002674966886875418,,,,0.2,,,,,,,near_strong,,,1.902256931474153e-16,0.024611055407095652,,,exact_float_lp_separation,,,,,,,,,1,,,,,,,181,2026114801,2,inconsistent,,0
1e-09,,91,,,0.0001,0.002674966886875418,,,,0.2,,,,,,,near_strong,,,2.220446049250313e-16,0.024585529016030352,,,exact_float_lp_separation,,,,,,,,,2,,,,,,,181,2026114802,2,inconsistent,,0
1e-09,,92,,,0.0001,0.002674966886875418,,,,0.2,,,,,,,near_strong,,,1.1102230246251565e-16,0.02469977978726216,,,exact_float_lp_separation,,,,,,,,,3,,,,,,,181,2026114803,2,inconsistent,,0
1e-09,,93,,,0.0001,0.002674966886875418,,,,0.2,,,,,,,near_strong,,,4.4002587368807553e-16,0.02467740749024659,,,exact_float_lp_separation,,,,,,,,,4,,,,,,,181,2026114804,2,inconsistent,,0
1e-09,,94,,,0.001,0.02674966886875418,,,,0.2,,,,,,,near_strong,,,2.875557741920142e-18,0.022800588423367737,,,exact_float_lp_separation,,,,,,,,,0,,,,,,,181,2026114900,2,inconsistent,,0
1e-09,,95,,,0.001,0.02674966886875418,,,,0.2,,,,,,,near_strong,,,0.0,0.02381109720310113,,,exact_float_lp_separation,,,,,,,,,1,,,,,,,181,2026114901,2,inconsistent,,0
1e-09,,96,,,0.001,0.02674966886875418,,,,0.2,,,,,,,near_strong,,,1.1102230246251565e-16,0.02289326607076153,,,exact_float_lp_separation,,,,,,,,,2,,,,,,,181,2026114902,2,inconsistent,,0
1e-09,,97,,,0.001,0.02674966886875418,,,,0.2,,,,,,,near_strong,,,4.610281217896949e-18,0.023282515832746615,,,exact_float_lp_separation,,,,,,,,,3,,,,,,,181,2026114903,2,inconsistent,,0
1e-09,,98,,,0.001,0.02674966886875418,,,,0.2,,,,,,,near_strong,,,0.0,0.0238071408462074,,,exact_float_lp_separation,,,,,,,,,4,,,,,,,181,2026114904,2,inconsistent,,0
1e-09,,99,,,0,0.0,,,,0.05,,,,,,,far_weak,,,7.071533969491331e-19,7.597595529651255e-06,,,exact_float_lp_separation,True,0.0015342584581607144,0.0016603921401584453,0.0,0.009738796085429722,0.9615292420931302,0.9747696552377216,compatible,0,,,,,,,181,2026122700,2,inconsistent,,0
1e-09,,100,,,0.0001,0.002674966886875418,,,,0.05,,,,,,,far_weak,,,5.663209345783049e-20,2.8382518833924954e-07,,,exact_float_lp_separation,True,0.0014834035285260228,0.0017174582229298498,0.0,0.00985380474610162,0.9615283551117593,0.9747700687317188,compatible,0,,,,,,,181,2026122800,2,inconsistent,,0
1e-09,,101,,,0.0001,0.002674966886875418,,,,0.05,,,,,,,far_weak,,,1.3877787807814457e-17,1.2000939255916207e-07,,,exact_float_lp_separation,True,0.00148375806110059,0.0017196773127391436,0.0,0.009860564127959793,0.9615283289754798,0.9747708970766692,compatible,1,,,,,,,181,2026122801,2,inconsistent,,0
1e-09,,102,,,0.0001,0.002674966886875418,,,,0.05,,,,,,,far_weak,,,5.663209345783049e-20,8.368449904067613e-08,,,exact_float_lp_separation,True,0.0014688847150391893,0.001722319892284166,0.0,0.009865383026198816,0.9615279314326718,0.9747711006942337,compatible,2,,,,,,,181,2026122802,2,inconsistent,,0
1e-09,,103,,,0.0001,0.002674966886875418,,,,0.05,,,,,,,far_weak,,,1.3877787807814457e-17,1.7280154292149188e-07,,,exact_float_lp_separation,True,0.0014996807955027175,0.0017254386941942931,0.0,0.009871388463530237,0.9615284149804082,0.9747705606565522,compatible,3,,,,,,,181,2026122803,2,inconsistent,,0
1e-09,,104,,,0.0001,0.002674966886875418,,,,0.05,,,,,,,far_weak,,,5.663209345783049e-20,1.1308579018897905e-07,,,exact_float_lp_separation,True,0.0014837764661711002,0.0017239278020481396,0.0,0.009869273975138431,0.9615279057748523,0.9747703967120481,compatible,4,,,,,,,181,2026122804,2,inconsistent,,0
1e-09,False,105,0.0015969619866943413,0.0015987033415139807,0.001,0.02674966886875418,-5.812658621720534e-07,True,True,0.05,,0.003021410886034956,0.0030340798472216495,0.0030262710065564018,0.9681732902224687,0.0,far_weak,0.9681651639575962,0.9681790932223043,,,0.9373437847010392,0.9373707565527634,rectangular_outer_set_nonempty,True,0.00138521654087375,0.0018450030988076077,0.0,0.010110416970466246,0.9615213414808729,0.9747789453669415,compatible,0,-0.0030262710065564018,-0.0030340798472216495,-0.003021410886034956,0.9681685605223894,0.9681604097774913,0.9681743787298965,159,2026122900,0,compatible,True,22
1e-09,False,106,0.001596603976650847,0.0015983596185588976,0.001,0.02674966886875418,-6.649479391482305e-07,True,True,0.05,,0.0030223753300398417,0.003033462142518068,0.003026027549348919,0.968170087391082,0.0,far_weak,0.9681642618062268,0.9681762990080747,,,0.9373420378387961,0.9373653459609729,rectangular_outer_set_nonempty,True,0.0014001148347139614,0.0018204271951135634,0.0,0.010064278444436352,0.9615204402203589,0.9747754047603661,compatible,1,-0.003026027549348919,-0.003033462142518068,-0.0030223753300398417,0.968165358436319,0.968159509557297,0.9681715814918022,163,2026122901,0,compatible,True,18
1e-09,False,107,0.0015962562622191983,0.001598035397565579,0.001,0.02674966886875418,-5.066439001943923e-07,True,True,0.05,,0.0030194854183964804,0.0030325415889476148,0.0030260218356412977,0.9681733470362095,0.0,far_weak,0.9681672314452887,0.9681774628983364,,,0.9373477880444352,0.9373675996642596,rectangular_outer_set_nonempty,True,0.001404900662878633,0.0018199932182243808,0.0,0.010065154042122491,0.9615240147191261,0.9747758542181661,compatible,2,-0.0030260218356412977,-0.0030325415889476148,-0.0030194854183964804,0.9681686181152263,0.9681624820947909,0.9681727544049501,162,2026122902,0,compatible,True,19
1e-09,False,108,0.0015965646910635362,0.0015980580517810424,0.001,0.02674966886875418,-3.443145298667738e-07,True,True,0.05,,0.0030202182754286194,0.003029200540151433,0.0030261284962851674,0.9681711829107155,1.3877787807814457e-17,far_weak,0.9681621324833595,0.968175404798072,,,0.9373379147747262,0.9373636144559104,rectangular_outer_set_nonempty,True,0.0013880760066032085,0.0018280465936769167,0.0,0.01007934046832832,0.9615179955769733,0.9747749799914249,compatible,3,-0.0030261284962851674,-0.003029200540151433,-0.0030202182754286194,0.968166453645786,0.9681573935671894,0.9681706940087988,156,2026122903,0,compatible,True,25
1e-09,False,109,0.0015969667777287328,0.001598318590993111,0.001,0.02674966886875418,-3.0579115967155346e-07,True,True,0.05,,0.003019661140479306,0.0030323498220145915,0.003024533414528991,0.9681720519012004,0.0,far_weak,0.9681649427609402,0.9681771528568522,,,0.9373433563912946,0.9373669993140007,rectangular_outer_set_nonempty,True,0.00139577991309843,0.0018213565951764633,0.0,0.010064399757530013,0.9615200265951658,0.9747767510154184,compatible,4,-0.003024533414528991,-0.0030323498220145915,-0.003019661140479306,0.96816732762483,0.9681601939998626,0.9681724438139093,153,2026122904,0,compatible,True,28
1e-09,,110,,,0,0.0,,,,0.1,,,,,,,far_weak,,,1.140834265943335e-18,1.4546656398013545e-05,,,exact_float_lp_separation,True,0.006137186832642907,0.006641415560633711,0.0,0.009738793773733807,0.9615292421475571,0.9747696551840341,compatible,0,,,,,,,181,2026123700,2,inconsistent,,0
1e-09,,111,,,0.0001,0.002674966886875418,,,,0.1,,,,,,,far_weak,,,0.0,3.322577071376886e-07,,,exact_float_lp_separation,True,0.006071162922780238,0.006749073779731537,0.0,0.009792689194197044,0.9615271811855557,0.9747720293544808,compatible,0,,,,,,,181,2026123800,2,inconsistent,,0
1e-09,,112,,,0.0001,0.002674966886875418,,,,0.1,,,,,,,far_weak,,,1.3877787807814457e-17,1.5407528172058932e-07,,,exact_float_lp_separation,True,0.006055323414310692,0.006742904123452439,0.0,0.009792172507854371,0.9615249459092547,0.9747735868632847,compatible,1,,,,,,,181,2026123801,2,inconsistent,,0
1e-09,,113,,,0.0001,0.002674966886875418,,,,0.1,,,,,,,far_weak,,,5.551115123125783e-17,6.29612521125756e-07,,,exact_float_lp_separation,True,0.0060469393124074735,0.006724512654746168,0.0,0.00978204594459988,0.9615269803701036,0.9747723698722517,compatible,2,,,,,,,181,2026123802,2,inconsistent,,0
1e-09,,114,,,0.0001,0.002674966886875418,,,,0.1,,,,,,,far_weak,,,2.7347252795493137e-19,1.314548462830909e-06,,,exact_float_lp_separation,True,0.006045774800278161,0.0067337324314149264,0.0,0.009786136330425544,0.9615244611546624,0.9747710792442931,compatible,3,,,,,,,181,2026123803,2,inconsistent,,0
1e-09,,115,,,0.0001,0.002674966886875418,,,,0.1,,,,,,,far_weak,,,1.3877787807814457e-17,2.553557740226617e-07,,,exact_float_lp_separation,True,0.0060569450163123935,0.006737531486922455,0.0,0.009788028501329912,0.9615257973030232,0.9747737438566282,compatible,4,,,,,,,181,2026123804,2,inconsistent,,0
1e-09,False,116,0.006388817905941845,0.006391359406209367,0.001,0.02674966886875418,-8.108341001400454e-07,True,True,0.1,,0.0030108043410430217,0.0030386373310380753,0.0030270953439436895,0.9681680967268572,0.0,far_weak,0.96816498546931,0.9681746992894348,,,0.9373434390887893,0.9373622483441875,rectangular_outer_set_nonempty,True,0.005838018167375961,0.007000013768031471,0.0,0.009931564761732405,0.9615192889093461,0.974774377547829,compatible,0,-0.0030270953439436895,-0.0030386373310380753,-0.0030108043410430217,0.9681633644243537,0.9681602169950796,0.9681700178178455,181,2026123900,0,compatible,True,0
1e-09,False,117,0.006386480152217948,0.006394080625882577,0.001,0.02674966886875418,-1.7765323273716271e-06,True,True,0.1,,0.0030140446074482107,0.003039480777575192,0.0030268306086203177,0.9681773938490021,6.938893903907228e-17,far_weak,0.968163251793009,0.9681866090253528,,,0.9373400821224133,0.9373853098960114,rectangular_outer_set_nonempty,True,0.00584680666937797,0.00694331667054002,0.0,0.00991201302697538,0.9615195048198767,0.9747865912788929,compatible,1,-0.0030268306086203177,-0.003039480777575192,-0.0030140446074482107,0.9681726624196288,0.9681584806626526,0.9681819175295083,181,2026123901,0,compatible,True,0
1e-09,False,118,0.006387659451996996,0.006392439259275243,0.001,0.02674966886875418,-1.422798496533706e-06,True,True,0.1,,0.0030161723239450267,0.0030436628545208286,0.0030255442835732975,0.9681654389633286,5.551115123125783e-17,far_weak,0.9681571208198942,0.9681770016676399,,,0.9373282105942674,0.937366706558141,rectangular_outer_set_nonempty,True,0.005781724069155861,0.006960365676316744,0.0,0.009924742222698329,0.9615113728228187,0.9747874162843742,compatible,2,-0.0030255442835732975,-0.0030436628545208286,-0.0030161723239450267,0.9681607114962076,0.9681523365208057,0.9681723034990484,181,2026123902,0,compatible,True,0
1e-09,False,119,0.006383114983631357,0.006392671947109291,0.001,0.02674966886875418,-3.5895035169764e-06,True,True,0.1,,0.003008174526487509,0.003041007543316104,0.00302837013747281,0.9681690104754569,0.0,far_weak,0.9681551918166762,0.9681820155253476,,,0.937324475441585,0.9373764151867243,rectangular_outer_set_nonempty,True,0.005837971704218695,0.006938910756428437,0.0,0.00990231862148909,0.9615108542339742,0.9747795947175244,compatible,3,-0.00302837013747281,-0.003041007543316104,-0.003008174526487509,0.9681642741907677,0.968150415852158,0.9681773422636695,181,2026123903,0,compatible,True,0
1e-09,False,120,0.006387686134027927,0.006395163763136137,0.001,0.02674966886875418,2.6819577673142803e-06,False,False,0.1,,0.0030164552969828436,0.003037129393796932,0.0030368412904357464,0.9681643414927232,0.0,far_weak,0.968165073247803,0.9681862545292711,,,0.9373436090569238,0.9373846234594184,rectangular_outer_set_nonempty,True,0.005818217529083275,0.007012419940968607,0.0,0.009942388278713474,0.9615197269107926,0.9747864479106287,compatible,4,-0.0030368412904357464,-0.003037129393796932,-0.0030164552969828436,0.9681595786506556,0.9681603095055948,0.9681815555239934,181,2026123904,0,compatible,True,0
1e-09,,121,,,0,0.0,,,,0.2,,,,,,,far_weak,,,2.220446049250313e-16,1.457165209423428e-05,,,exact_float_lp_separation,True,0.024548900330570486,0.026565509242536214,0.0,0.009738793418919938,0.9615292421475471,0.974769655184044,compatible,0,,,,,,,181,2026124700,2,inconsistent,,0
1e-09,False,122,0.02556053006690718,0.025561711665913273,0.0001,0.002674966886875418,1.3328035192161636e-06,False,False,0.2,,0.0030256235739958537,0.003026305772319975,0.003026552614440185,0.9681656263278282,2.220446049250313e-16,far_weak,0.9681666721989952,0.9681689229881423,,,0.9373467051568766,0.9373510634400194,rectangular_outer_set_nonempty,True,0.024453847802185697,0.026672072265500318,0.0,0.009761057669137155,0.9615206853807086,0.9747782795157224,compatible,0,-0.003026552614440185,-0.003026305772319975,-0.0030256235739958537,0.9681608957100198,0.9681619423579141,0.9681641952902451,181,2026124800,0,compatible,True,0
1e-09,False,123,0.025558619429598493,0.025561852907017794,0.0001,0.002674966886875418,3.84463514035982e-06,False,False,0.2,,0.0030241674541287545,0.0030268617825444807,0.003028139829948169,0.9681678342263037,1.1102230246251565e-16,far_weak,0.968169600969808,0.9681732601656572,,,0.9373523762420373,0.9373594616997972,rectangular_outer_set_nonempty,True,0.024439578642907946,0.026706872439551173,0.0,0.00976883496579257,0.9615255190595191,0.9747794442896894,compatible,1,-0.003028139829948169,-0.0030268617825444807,-0.0030241674541287545,0.9681630986562243,0.9681648694048894,0.9681685370383644,181,2026124801,0,compatible,True,0
1e-09,False,124,0.025560028741941656,0.025561322790793126,0.0001,0.002674966886875418,5.967538126150362e-07,False,False,0.2,,0.0030250911293022943,0.0030265623661145285,0.0030270336449850447,0.9681683054710112,0.0,far_weak,0.9681648579512034,0.9681674546797706,,,0.937343192171674,0.9373482203011058,rectangular_outer_set_nonempty,True,0.024473785776375403,0.026676202600069084,0.0,0.009755303025216659,0.9615220461231366,0.9747781645929402,compatible,2,-0.0030270336449850447,-0.0030265623661145285,-0.0030250911293022943,0.9681635733624362,0.968160127299156,0.96816272863851,181,2026124802,0,compatible,True,0
1e-09,False,125,0.025560879700529688,0.025561192383481316,0.0001,0.002674966886875418,5.7254657090943795e-06,False,False,0.2,,0.0030248745591371635,0.00302588519084959,0.003027241905368878,0.9681661275632938,1.2083675658988486e-18,far_weak,0.9681693076333197,0.9681697245793012,,,0.9373518082431817,0.9373526155919598,rectangular_outer_set_nonempty,True,0.024430629791833962,0.02662875478661529,0.0,0.009748938184511325,0.9615235664352223,0.9747760062055817,compatible,3,-0.003027241905368878,-0.00302588519084959,-0.0030248745591371635,0.9681613947929087,0.9681645791196832,0.9681649992257835,181,2026124803,0,compatible,True,0
1e-09,,126,,,0.0001,0.002674966886875418,,,,0.2,,,,,,,far_weak,,,2.7347252795493137e-19,1.150957915600629e-06,,,exact_float_lp_separation,True,0.02443876635937481,0.026658089773006634,0.0,0.009754306382797014,0.961523928366128,0.974775653275511,compatible,4,,,,,,,181,2026124804,2,inconsistent,,0
1e-09,False,127,0.025544047281618517,0.02558147615515004,0.001,0.02674966886875418,-2.2952040918804558e-06,True,True,0.2,,0.0030193861627086857,0.003052909621454856,0.003022677388868335,0.9681636428420111,0.0,far_weak,0.9681136868218826,0.9681844736020182,,,0.9372441106118581,0.9373811749240172,rectangular_outer_set_nonempty,True,0.024100898558435932,0.027089910656039357,0.0,0.009846689985777961,0.961453925132257,0.9747835628307352,compatible,0,-0.003022677388868335,-0.003052909621454856,-0.0030193861627086857,0.9681589243210621,0.9681088731928353,0.9681797654522726,181,2026124900,0,compatible,True,0
1e-09,False,128,0.02554410116720804,0.025579528198295842,0.001,0.02674966886875418,-1.1660999028606511e-06,True,True,0.2,,0.002976250297315215,0.0030303876868897233,0.003021044212880158,0.9681835373896219,0.0,far_weak,0.9681610239517595,0.9681905950585507,,,0.9373357682993195,0.9373930283598304,rectangular_outer_set_nonempty,True,0.02418427191056845,0.0270456770195286,0.0,0.00981149351877896,0.961514394748846,0.9747948371947456,compatible,1,-0.003021044212880158,-0.0030303876868897233,-0.002976250297315215,0.9681788240630681,0.9681562813150503,0.9681860205012248,181,2026124901,0,compatible,True,0
1e-09,False,129,0.02554490450784724,0.02558478626267791,0.001,0.02674966886875418,-1.123680159270668e-05,True,True,0.2,,0.002984691044498619,0.003052390773955864,0.0030248202185732907,0.9681697966969647,0.0,far_weak,0.9681091925035394,0.968202164207489,,,0.9372354086098551,0.9374154307760655,rectangular_outer_set_nonempty,True,0.02406514378545432,0.027204737709330965,0.0,0.009855512498318024,0.9614414281714867,0.9748211561688626,compatible,2,-0.0030248202185732907,-0.003052390773955864,-0.002984691044498619,0.9681650715135757,0.9681043804881879,0.9681975637210798,181,2026124902,0,compatible,True,0
1e-09,False,130,0.025537292677397183,0.025592312681987986,0.001,0.02674966886875418,-8.16338779452419e-06,True,True,0.2,,0.0029993674344749414,0.0030684991257610614,0.0030359710536058153,0.968169986346754,0.0,far_weak,0.9681472526276672,0.9682347893410358,,,0.9373091027705001,0.93747860729028,rectangular_outer_set_nonempty,True,0.024108777939189054,0.02714717042988331,0.0,0.009894876218597595,0.9614994429614042,0.9748390057328815,compatible,3,-0.0030359710536058153,-0.0030684991257610614,-0.0029993674344749414,0.9681652262617345,0.968142389880546,0.9682301436565963,181,2026124903,0,compatible,True,0
1e-09,False,131,0.025525903428508624,0.025585355683311214,0.001,0.02674966886875418,-2.4991861707762686e-05,True,True,0.2,,0.002981605383286129,0.0030752015466036144,0.0030135477836414687,0.9681467225827933,0.0,far_weak,0.9681060021043647,0.9682133561218688,,,0.9372292313104963,0.9374371029727727,rectangular_outer_set_nonempty,True,0.024125290526891375,0.027182105671862158,0.0,0.00986424891897302,0.9614591748223912,0.9748167113381744,compatible,4,-0.0030135477836414687,-0.0030752015466036144,-0.002981605383286129,0.9681420324402612,0.9681011178828088,0.9682087651958698,181,2026124904,0,compatible,True,0
1e-09,,132,,,0,0.0,,,,0.05,,,,,,,far_strong,,,2.7347252795493137e-19,2.9095797882255154e-05,,,exact_float_lp_separation,True,0.0015266021945682863,0.0016521069735939097,0.0,0.009808569602415306,0.9573053562348035,0.9705372278326222,compatible,0,,,,,,,181,2026132700,2,inconsistent,,0
1e-09,,133,,,0.0001,0.002674966886875418,,,,0.05,,,,,,,far_strong,,,1.3877787807814457e-17,2.3116244152072353e-06,,,exact_float_lp_separation,True,0.0014728530254768614,0.0017143113707534885,0.0,0.009940604572546953,0.9573034411265148,0.9705377546098057,compatible,0,,,,,,,181,2026132800,2,inconsistent,,0
1e-09,,134,,,0.0001,0.002674966886875418,,,,0.05,,,,,,,far_strong,,,5.663209345783049e-20,2.143314848190837e-06,,,exact_float_lp_separation,True,0.0014761882399228028,0.0017164065486285221,0.0,0.009944819062095604,0.957304058180827,0.9705380823303635,compatible,1,,,,,,,181,2026132801,2,inconsistent,,0
1e-09,,135,,,0.0001,0.002674966886875418,,,,0.05,,,,,,,far_strong,,,5.663209345783049e-20,2.4370406718201443e-06,,,exact_float_lp_separation,True,0.001473222992378517,0.0017108147467231897,0.0,0.009935089841488975,0.9573046745478007,0.9705380144586359,compatible,2,,,,,,,181,2026132802,2,inconsistent,,0
1e-09,,136,,,0.0001,0.002674966886875418,,,,0.05,,,,,,,far_strong,,,5.663209345783049e-20,1.6588380204449417e-06,,,exact_float_lp_separation,True,0.001478086974847455,0.001710780549792307,0.0,0.009937031602642898,0.9573038108960382,0.9705381647151772,compatible,3,,,,,,,181,2026132803,2,inconsistent,,0
1e-09,,137,,,0.0001,0.002674966886875418,,,,0.05,,,,,,,far_strong,,,5.663209345783049e-20,1.8400761761195265e-06,,,exact_float_lp_separation,True,0.0014691227141858834,0.0017067661056995582,0.0,0.009929196409922783,0.9573034367920918,0.9705379559370748,compatible,4,,,,,,,181,2026132804,2,inconsistent,,0
1e-09,,138,,,0.001,0.02674966886875418,,,,0.05,,,,,,,far_strong,,,5.663209345783049e-20,1.565806407616954e-07,,,exact_float_lp_separation,True,0.0014105880956993705,0.0018055379580276217,0.0,0.0101301776918289,0.9572973948133848,0.9705426903533844,compatible,0,,,,,,,166,2026132900,2,inconsistent,,15
1e-09,,139,,,0.001,0.02674966886875418,,,,0.05,,,,,,,far_strong,,,6.938893903907228e-18,6.547608699216401e-09,,,exact_float_lp_separation,True,0.0013928868593952714,0.0018173892102506927,0.0,0.010155463686319336,0.9572974226843761,0.9705415222235395,compatible,1,,,,,,,169,2026132901,2,inconsistent,,12
1e-09,False,140,0.001589365647177813,0.0015908341542213926,0.001,0.02674966886875418,-3.622063087040689e-07,True,True,0.05,,0.0030998419933006924,0.0031085465877406164,0.003106454956811809,0.9639423708974606,6.938893903907228e-18,far_strong,0.9639371281691168,0.9639497765852401,,,0.9291747870629243,0.9291991717787341,rectangular_outer_set_nonempty,True,0.0014016561179538338,0.0018200197067505355,0.0,0.010168532167394256,0.9572982112321887,0.9705447365863925,compatible,2,-0.003106454956811809,-0.0031085465877406164,-0.0030998419933006924,0.9639373653661418,0.963932115867625,0.9639447923809489,163,2026132902,0,compatible,True,18
1e-09,False,141,0.0015897439574118536,0.0015913962335494755,0.001,0.02674966886875418,-5.311063981420381e-07,True,True,0.05,,0.0031002237020063207,0.003106947910596553,0.0031027819126188813,0.9639418483424188,0.0,far_strong,0.963936218230975,0.9639491028156143,,,0.9291730328174339,0.9291978728190278,rectangular_outer_set_nonempty,True,0.0014208985038176233,0.0018121154882466705,0.0,0.010142620958756541,0.9572971897751966,0.9705434788301261,compatible,3,-0.0031027819126188813,-0.003106947910596553,-0.0031002237020063207,0.9639368546384154,0.9639312110789414,0.9639441173802688,162,2026132903,0,compatible,True,19
1e-09,False,142,0.0015894903911375469,0.0015908872524635542,0.001,0.02674966886875418,-2.838526784731954e-07,True,True,0.05,,0.0031025135202137153,0.0031090544030785918,0.0031048781917531318,0.9639426372808997,2.7755575615628914e-17,far_strong,0.9639372993494538,0.9639482146542977,,,0.9291751170771186,0.9291961605352079,rectangular_outer_set_nonempty,True,0.001421628703664735,0.0017995813059142453,0.0,0.010121656515423202,0.9572981599021374,0.9705442647179493,compatible,4,-0.0031048781917531318,-0.0031090544030785918,-0.0031025135202137153,0.9639376368310714,0.9639322854110849,0.9639432218471505,164,2026132904,0,compatible,True,17
1e-09,,143,,,0,0.0,,,,0.1,,,,,,,far_strong,,,1.1102230246251565e-16,5.786155833067806e-05,,,exact_float_lp_separation,True,0.006106561778273119,0.006608274894375471,0.0,0.00980856720132917,0.9573053562546268,0.9705372278130691,compatible,0,,,,,,,181,2026133700,2,inconsistent,,0
1e-09,,144,,,0.0001,0.002674966886875418,,,,0.1,,,,,,,far_strong,,,2.7347252795493137e-19,8.081192261040585e-06,,,exact_float_lp_separation,True,0.006021592854685746,0.006705871661007077,0.0,0.00986320548424768,0.9573038233627394,0.9705404782738983,compatible,0,,,,,,,181,2026133800,2,inconsistent,,0
1e-09,,145,,,0.0001,0.002674966886875418,,,,0.1,,,,,,,far_strong,,,2.7347252795493137e-19,7.900955308453895e-06,,,exact_float_lp_separation,True,0.00601995831697929,0.00670564062611059,0.0,0.009862607513539403,0.9573026057900239,0.9705383544582201,compatible,1,,,,,,,181,2026133801,2,inconsistent,,0
1e-09,,146,,,0.0001,0.002674966886875418,,,,0.1,,,,,,,far_strong,,,6.938893903907228e-18,8.553748935163776e-06,,,exact_float_lp_separation,True,0.006038570733229789,0.006713267681499808,0.0,0.00986447062450127,0.9573015619730638,0.9705391961880675,compatible,2,,,,,,,181,2026133802,2,inconsistent,,0
1e-09,,147,,,0.0001,0.002674966886875418,,,,0.1,,,,,,,far_strong,,,5.551115123125783e-17,8.724783180166273e-06,,,exact_float_lp_separation,True,0.006066719727826923,0.006696536699137448,0.0,0.009856521193835814,0.9573032409892251,0.9705392193288209,compatible,3,,,,,,,181,2026133803,2,inconsistent,,0
1e-09,,148,,,0.0001,0.002674966886875418,,,,0.1,,,,,,,far_strong,,,6.938893903907228e-18,8.429097976324248e-06,,,exact_float_lp_separation,True,0.006042273050935266,0.006702649580844411,0.0,0.009857463257389154,0.9573024683207869,0.9705379128813532,compatible,4,,,,,,,181,2026133804,2,inconsistent,,0
1e-09,False,149,0.00636050231121467,0.006362213340446995,0.001,0.02674966886875418,1.791454521504754e-06,False,False,0.1,,0.0030984425772127857,0.0031095996854627974,0.0031029413027751428,0.9639380757110375,0.0,far_strong,0.9639378651922772,0.9639435125211557,,,0.9291762079514447,0.9291870953316236,rectangular_outer_set_nonempty,True,0.005814798048710957,0.006957593082351289,0.0,0.009999856345964658,0.9572975496603892,0.9705486104501827,compatible,0,-0.0031029413027751428,-0.0031095996854627974,-0.0030984425772127857,0.9639330814744193,0.9639328494979518,0.963938532783714,181,2026133900,0,compatible,True,0
1e-09,False,150,0.006357727058877101,0.006364212132483703,0.001,0.02674966886875418,2.6665457364274367e-06,False,False,0.1,,0.0031064446622829055,0.0031192840937397178,0.003106301450409618,0.9639345304863493,1.1102230246251565e-16,far_strong,0.9639269216701178,0.9639476393201126,,,0.9291551103204294,0.9291950513508179,rectangular_outer_set_nonempty,True,0.005907708422431757,0.006992951079408179,0.0,0.010024912470061695,0.9572873196206967,0.9705496536041073,compatible,1,-0.003106301450409618,-0.0031192840937397178,-0.0031064446622829055,0.9639295254090092,0.9639218746284224,0.9639426338493272,181,2026133901,0,compatible,True,0
1e-09,False,151,0.0063577203347251945,0.006363455876013247,0.001,0.02674966886875418,1.095920253491034e-06,True,False,0.1,,0.003089048915804875,0.003107936719669309,0.0031032735228720566,0.9639426665052064,0.0,far_strong,0.9639297044660567,0.9639479153148081,,,0.9291604751520195,0.9291955834397643,rectangular_outer_set_nonempty,True,0.005786266728988826,0.007013376200228086,0.0,0.01003781170987435,0.957289142887287,0.970541783604181,compatible,2,-0.0031032735228720566,-0.003107936719669309,-0.003089048915804875,0.9639376712228909,0.963924694092524,0.9639429657487832,181,2026133902,0,compatible,True,0
1e-09,False,152,0.006359308779718166,0.00636374228981499,0.001,0.02674966886875418,5.187530059161648e-06,False,False,0.1,,0.00310277593225432,0.003116041174066121,0.0030991280779344836,0.963940315159487,0.0,far_strong,0.9639376761723125,0.963953193417762,,,0.929175843544478,0.9292057591003012,rectangular_outer_set_nonempty,True,0.005804016452498033,0.006943179796994968,0.0,0.010001687938382926,0.9572975731256231,0.9705484649092986,compatible,3,-0.0030991280779344836,-0.003116041174066121,-0.00310277593225432,0.9639353332018323,0.963932639675553,0.963948199791781,181,2026133903,0,compatible,True,0
1e-09,False,153,0.006359358865968104,0.0063630461853272586,0.001,0.02674966886875418,4.48927066820648e-06,False,False,0.1,,0.0031020708728539985,0.0031205022974794424,0.0031033792459985964,0.9639369548911951,1.1102230246251565e-16,far_strong,0.9639384883296483,0.9639504609762941,,,0.9291774092832475,0.92920049121641,rectangular_outer_set_nonempty,True,0.005846275619190481,0.006979238942350215,0.0,0.010024153351032699,0.957297862063233,0.9705511584135879,compatible,4,-0.0031033792459985964,-0.0031205022974794424,-0.0031020708728539985,0.963931959238911,0.9639334374056432,0.9639454696053661,181,2026133904,0,compatible,True,0
1e-09,,154,,,0,0.0,,,,0.2,,,,,,,far_strong,,,0.0,5.825657907064946e-05,,,exact_float_lp_separation,True,0.02442640011309125,0.026432946577503145,0.0,0.009808566836937805,0.957305356254617,0.9705372278130789,compatible,0,,,,,,,181,2026134700,2,inconsistent,,0
1e-09,,155,,,0.0001,0.002674966886875418,,,,0.2,,,,,,,far_strong,,,2.0816681711721685e-16,1.3967828077109013e-05,,,exact_float_lp_separation,True,0.02431375616665194,0.026594129021670652,0.0,0.00983748494861921,0.957294528146996,0.9705440531082796,compatible,0,,,,,,,181,2026134800,2,inconsistent,,0
1e-09,,156,,,0.0001,0.002674966886875418,,,,0.2,,,,,,,far_strong,,,1.3877787807814457e-17,1.4060826164502291e-05,,,exact_float_lp_separation,True,0.024324717102644767,0.026567636341058725,0.0,0.009831304069827799,0.9572979645161721,0.9705447496620798,compatible,1,,,,,,,181,2026134801,2,inconsistent,,0
1e-09,,157,,,0.0001,0.002674966886875418,,,,0.2,,,,,,,far_strong,,,1.3877787807814457e-17,1.5945817352597565e-05,,,exact_float_lp_separation,True,0.024308533324846948,0.026527981178539953,0.0,0.009828781948058321,0.9572984918313161,0.9705454194661974,compatible,2,,,,,,,181,2026134802,2,inconsistent,,0
1e-09,,158,,,0.0001,0.002674966886875418,,,,0.2,,,,,,,far_strong,,,2.4418768729259402e-18,1.2165583577849738e-05,,,exact_float_lp_separation,True,0.024321560559613094,0.026573359844140703,0.0,0.009833978732492936,0.957294832562332,0.9705387452835872,compatible,3,,,,,,,181,2026134803,2,inconsistent,,0
1e-09,,159,,,0.0001,0.002674966886875418,,,,0.2,,,,,,,far_strong,,,1.1102230246251565e-16,1.5287433503998155e-05,,,exact_float_lp_separation,True,0.024327465870966288,0.026569099761084614,0.0,0.009834495680218823,0.9572951154496948,0.9705402779767377,compatible,4,,,,,,,181,2026134804,2,inconsistent,,0
1e-09,False,160,0.025440520914255797,0.02545721365904046,0.001,0.02674966886875418,-1.900219176897977e-06,True,True,0.2,,0.0030960960674989244,0.003137534175743833,0.0031054963241579814,0.9639140696109322,0.0,far_strong,0.9639099805173843,0.9639453606454207,,,0.9291224505410242,0.92919065830983,rectangular_outer_set_nonempty,True,0.023995871538629737,0.026958970461405638,0.0,0.009935646189412789,0.9572507592007667,0.9705693341093576,compatible,0,-0.0031054963241579814,-0.003137534175743833,-0.0030960960674989244,0.9639090670216198,0.9639048741552873,0.9639403884571758,181,2026134900,0,compatible,True,0
1e-09,False,161,0.025440504529735727,0.025464105858612352,0.001,0.02674966886875418,7.972419142410203e-06,True,False,0.2,,0.0030496807823678623,0.0031222787269083643,0.0030908857025634534,0.9639169774518583,0.0,far_strong,0.9639162849845466,0.9639646466609593,,,0.9291346044584098,0.929227840012188,rectangular_outer_set_nonempty,True,0.023834781707513266,0.02696605367318833,0.0,0.009903116133346957,0.9572722227551483,0.9705861060084066,compatible,1,-0.0030908857025634534,-0.0031222787269083643,-0.0030496807823678623,0.963912021838871,0.9639112281916635,0.9639598225337578,181,2026134901,0,compatible,True,0
1e-09,False,162,0.02543184620831819,0.025452830938939672,0.001,0.02674966886875418,1.344774079314881e-06,True,False,0.2,,0.0030840142042360325,0.003148531504679876,0.0030916138033481796,0.963930676293808,0.0,far_strong,0.9639015464924304,0.9639477603194809,,,0.9291061913304991,0.9291952846249434,rectangular_outer_set_nonempty,True,0.0238306555241242,0.026986742735029302,0.0,0.009956503296054825,0.9572534162614951,0.9705936162064251,compatible,2,-0.0030916138033481796,-0.003148531504679876,-0.0030840142042360325,0.9639257184162735,0.9638964042260263,0.9639428268737371,181,2026134902,0,compatible,True,0
1e-09,False,163,0.02543394931983297,0.02545518946934431,0.001,0.02674966886875418,-1.086316722326286e-06,True,True,0.2,,0.0030605537287696593,0.003140642283056872,0.0030909343887626723,0.9639237856877672,0.0,far_strong,0.9639180924987074,0.9639507811586437,,,0.9291380890463466,0.9292011084963595,rectangular_outer_set_nonempty,True,0.023919687469302606,0.02707748004269847,0.0,0.00998372456496502,0.9572783703468867,0.9705899944202633,compatible,3,-0.0030909343887626723,-0.003140642283056872,-0.0030605537287696593,0.9639188299536642,0.9639129760576919,0.9639459225014818,181,2026134903,0,compatible,True,0
1e-09,False,164,0.025432952480238198,0.025465232758845983,0.001,0.02674966886875418,1.8020553837594377e-05,False,False,0.2,,0.0030803579240981124,0.003101469278700257,0.0031074445325927477,0.9639092603097077,0.0,far_strong,0.9639154545685885,0.9639712050332356,,,0.9291330035561687,0.9292404841332284,rectangular_outer_set_nonempty,True,0.023924071302290385,0.026983298539496763,0.0,0.009899382434364988,0.9572695434266179,0.9705722554186996,compatible,4,-0.0031074445325927477,-0.003101469278700257,-0.0030803579240981124,0.9639042514167497,0.96391046495226,0.9639662833980698,181,2026134904,0,compatible,True,0
