L,nphi,B,ensemble,mu,density,total_re,total_im,conduction_re,conduction_im,interband_re,interband_im,other_re,other_im
6,-1,-0.17453292519943295,fixed_mu,0.7,1.0105679320831529,-0.005860450699318141,1.815959478310399e-07,-0.0039229208738633965,1.043884553989767e-06,-0.0019375261758045417,-8.609594375746947e-07,-3.649650203123721e-09,-1.329168584042178e-09
6,-1,-0.17453292519943295,fixed_n,0.7374615309379385,1.0155283258897465,-0.0060556275494225405,-2.125494446212089e-06,-0.004239876745236512,-1.364557746415376e-06,-0.0018157488494141825,-7.602247894373813e-07,-1.9547718463878326e-09,-7.119103590934508e-10
6,0,0.0,fixed_mu,0.7,1.0155283258897478,-0.005021109275616105,5.149746917996279e-06,-0.0029232251232270043,4.860306096171613e-06,-0.002097880222297405,2.885353307561134e-07,-3.9300916957279585e-09,9.054910676829713e-10
6,0,0.0,fixed_n,0.7,1.0155283258897478,-0.005021109275616105,5.149746917996279e-06,-0.0029232251232270043,4.860306096171613e-06,-0.002097880222297405,2.885353307561134e-07,-3.9300916957279585e-09,9.054910676829713e-10
6,1,0.17453292519943295,fixed_mu,0.7,1.0246990320700862,-0.005122308175586665,-1.1130499891147968e-06,-0.0027050902791664016,-1.0169359154519928e-06,-0.002417217797259027,-9.607626718412201e-08,-9.916123809692661e-11,-3.7806479703907256e-11
6,1,0.17453292519943295,fixed_n,0.2541285458641158,1.0155283258897478,-0.004535394836195838,-1.8394257821906703e-06,-0.0016371700286451148,3.2583949989031704e-05,-0.002898057458858667,-3.43595786835256e-05,-1.673486920564716e-07,-6.379708769622433e-08
8,-1,-0.09817477042468103,fixed_mu,0.7,1.0123553257003994,-0.005725431217890817,1.4301237195541106e-06,-0.0036699680134352863,2.052352879547041e-06,-0.002055459400192845,-6.208443940473731e-07,-3.8042626844420875e-09,-1.3847659457793295e-09
8,-1,-0.09817477042468103,fixed_n,0.7231746668610001,1.0147769681375163,-0.00584584380349323,7.43126454537086e-07,-0.0038642715108698797,1.155424508569489e-06,-0.0019815697072264587,-4.113569586880161e-07,-2.5853968918174277e-09,-9.410953452338676e-10
8,0,0.0,fixed_mu,0.7,1.0147769681375163,-0.005168692947601089,2.2570230034068056e-06,-0.0028935368255378685,1.958876657968038e-06,-0.0022751530373719495,2.9715744363936856e-07,-3.0846912706862196e-09,9.889018001565194e-10
8,0,0.0,fixed_n,0.7,1.0147769681375163,-0.005168692947601089,2.2570230034068056e-06,-0.0028935368255378685,1.958876657968038e-06,-0.0022751530373719495,2.9715744363936856e-07,-3.0846912706862196e-09,9.889018001565194e-10
8,1,0.09817477042468103,fixed_mu,0.7,1.0204538608160716,-0.005264034685552385,3.271992981241689e-07,-0.0029158150257212233,4.375568254287929e-07,-0.0023482196196363005,-1.1034605829824278e-07,-4.019486054541698e-11,-1.1469006328745846e-11
8,1,0.09817477042468103,fixed_n,0.5840478034616587,1.0147769681375163,-0.004707880280178138,-1.8926064498575515e-06,-0.002005044247364423,-1.8325871777170106e-06,-0.0027028357551875178,-5.994005564966447e-08,-2.7762619694074104e-10,-7.92164908340299e-11
