L,B,ensemble,component,c2_re,c2_im
6,0.17453292519943295,fixed_mu,total,-0.015438058734972521,-0.00018434513504086804
6,0.17453292519943295,fixed_mu,conduction,-0.012828565535139693,-0.00015911210134654974
6,0.17453292519943295,fixed_mu,interband,-0.002609560684022559,-2.5180870603940122e-05
6,0.17453292519943295,fixed_mu,other,6.748418972746256e-08,-5.216309036655251e-08
6,0.17453292519943295,fixed_n,total,-0.009008083562168562,-0.00023413654534896891
6,0.17453292519943295,fixed_n,conduction,-0.0005022123726384785,0.00035288165833271173
6,0.17453292519943295,fixed_n,interband,-0.00850322125439792,-0.000585929625421126
6,0.17453292519943295,fixed_n,other,-2.6499351321478134e-06,-1.088578260513148e-06
8,0.09817477042468103,fixed_mu,total,-0.03382759335141686,-0.00014300899135141645
8,0.09817477042468103,fixed_mu,conduction,-0.041434204460334675,-7.407145201594438e-05
8,0.09817477042468103,fixed_mu,interband,0.00760649050007186,-6.876250620670892e-05
8,0.09817477042468103,fixed_mu,other,1.206088460868503e-07,-1.7503312885052788e-07
8,0.09817477042468103,fixed_n,total,-0.011222856357241674,-0.00029380360096019554
8,0.09817477042468103,fixed_n,conduction,-0.004266428232983475,-0.00023836791108903353
8,0.09817477042468103,fixed_n,interband,-0.006956599646435796,-5.528015829767057e-05
8,0.09817477042468103,fixed_n,other,1.7152217768238586e-07,-1.5553157361176603e-07
