B,V,vertex,left,right,contact_re
0.0008,0.0,1.0946799831908565e-13,1.1733953013022275e-17,1.1721925382274756e-17,0.10855568841778614
0.0008,0.7,1.0946799831908565e-13,1.1733953013022275e-17,1.1721925382274756e-17,0.10855568841778614
0.0008,1.4,1.0946799831908565e-13,1.2170259937219306e-17,1.2155158779499894e-17,0.10855568841778614
0.0012,0.0,9.436895750456206e-14,3.496446946337351e-18,3.036250063206881e-18,0.10855935402288952
0.0012,0.7,9.436895750456206e-14,3.496446946337351e-18,3.036250063206881e-18,0.10855935402288952
0.0012,1.4,9.436895750456206e-14,3.511543213478341e-18,3.469870442581002e-18,0.10855935402288952
0.0016,0.0,9.497957982969512e-14,3.859820643802205e-17,3.816776642705927e-17,0.10856301792356568
0.0016,0.7,9.497957982969512e-14,3.8598549051163314e-17,3.860140404241587e-17,0.10856301792356568
0.0016,1.4,9.497957982969512e-14,3.859820643802205e-17,3.816776642705927e-17,0.10856301792356568
0.002,0.0,8.813362145259954e-14,2.907122902807979e-17,2.90638992652551e-17,0.1085666801076308
0.002,0.7,8.813362145259954e-14,2.907122902807979e-17,2.90638992652551e-17,0.1085666801076308
0.002,1.4,8.813362145259954e-14,2.907122902807979e-17,2.906273644335171e-17,0.1085666801076308
