design,model,B,noise,cases,failures,boundaries,heldout_above_descriptive_line,abs_omega_error_over_gamma_median,abs_omega_error_over_gamma_max,abs_relative_gamma_error_median,abs_relative_gamma_error_max,abs_relative_t_error_median,abs_relative_t_error_max,holdout_chi2_median,holdout_chi2_max,normalized_jacobian_condition_median,normalized_jacobian_condition_max
low_window,drift_aware,0.05,0.0001,4,0,0,2,0.0018052207558794109,0.002844369973997729,0.00011076863166566683,0.00016282981902659283,0.06754483369670916,0.06759308064436054,1.1411348498846936,1.2571609412738478,1018.4287812126666,1032.9182943455478
low_window,drift_aware,0.05,0.001,4,0,1,0,0.0016987641632949647,0.0038914173661937683,0.0007625546593623481,0.0014958475968812207,0.06730651665881023,0.06755437881842015,0.9663190323338458,1.1313805411832676,1019.489236286076,1034.421284064113
low_window,drift_aware,0.2,0.0001,4,0,0,0,0.031205317234174315,0.046226150543171585,0.00033534842093483675,0.0004325822577457392,0.06762170243635443,0.06765816261185031,1.0301278045474458,1.0861388414980717,1058.8701477891027,1068.2223353455668
low_window,drift_aware,0.2,0.001,4,0,0,0,0.02623149150703879,0.04563551765886705,0.0013282203182877952,0.005298505431919776,0.06774827348432728,0.06811819200419858,1.0906144572210263,1.1526980318804605,1065.2909812375835,1073.400991940686
remote_inclusive,drift_aware,0.05,0.0001,4,0,0,2,0.0014562443658778295,0.0019255534052057635,0.00015484642538721172,0.0002662613044799311,0.06751774189971377,0.06756154043853024,1.2852373486763486,1.5420196267291055,135.89176465925692,145.8167393739057
remote_inclusive,drift_aware,0.05,0.001,4,0,0,0,0.0014672884375782009,0.00224154209553055,0.0006229343763624051,0.0013578021717629563,0.0674362378294972,0.06744778578291044,0.9731155104032212,1.1166703289245057,136.00100670609135,150.64617275048096
remote_inclusive,drift_aware,0.2,0.0001,4,0,0,2,0.027029300846939358,0.03793496966049877,0.003836747974993171,0.007507441608821885,0.06763520873983259,0.06763833597827307,2.0810245204789544,3.2055851365793404,136.59980821010527,142.56324536281377
remote_inclusive,drift_aware,0.2,0.001,4,0,0,0,0.025763093701583167,0.03663817632770794,0.0031637831882131984,0.008475649443862254,0.06764330260110912,0.06771483949925616,1.0944915997025522,1.1132045122081073,134.24451950654986,154.24597359448427
low_window,extended,0.05,0.0001,4,3,0,0,0.002173117253275366,0.005250370301092113,0.00011440711535795469,0.0001639262795366525,0.062101241715898675,0.10688553793744286,1.0863970879701084,1.1477787073215364,13236.954768032663,25054.494635775663
low_window,extended,0.05,0.001,4,2,1,0,0.014527013023642642,0.17489719010632676,0.0008290715689519912,0.001483845349966861,0.23594997840036758,0.5186353368219032,0.9586156165641184,1.1305458979398335,5750.775825154304,231067.96406909107
low_window,extended,0.2,0.0001,4,2,0,0,0.030082080006377243,0.04798435114789563,0.0002892141726125722,0.0005560024635793345,0.028217168107114797,0.19614472515762382,0.8912394700137924,1.1060935427622973,15682.254437594103,17938.067391116772
low_window,extended,0.2,0.001,4,2,1,0,0.05010080855129735,0.25941395858268085,0.001384923722285281,0.004734015890497268,0.07710094638317211,0.1309507708799799,1.0921077253988254,1.1548419978928894,21752.866341901245,43954.53905923346
remote_inclusive,extended,0.05,0.0001,4,0,0,2,0.00016576024366073602,0.0007933516217306646,0.00015661266741640034,0.00029109160754647867,0.006257517698641524,0.008889701151073792,1.1440223270840502,1.2336813840257792,4900.243237465425,7498.251963222826
remote_inclusive,extended,0.05,0.001,4,1,0,0,0.0016286416529657601,0.01412904139119764,0.0006220520098814131,0.0013603430503936753,0.08063852142547934,0.3099296707008382,0.9747093873726357,1.12140860721293,5108.2060255908145,8014.4440349546585
remote_inclusive,extended,0.2,0.0001,4,2,0,0,0.0035318935182296037,0.0076350994783449784,0.0001796789082447181,0.0004341743843189194,0.0067774285057363715,0.018989003265289628,0.9346080506772694,1.0820690288294863,3883.235659625526,5395.931374785977
remote_inclusive,extended,0.2,0.001,4,0,0,0,0.0266246966285941,0.03135733471545018,0.003915009833351524,0.007570622083240108,0.03991883628714876,0.17160785565622017,1.0938398350559448,1.1018615125672615,3334.0501535731178,4588.936635521433
