h,B,true_q0,pp_crossing_q,pp_crossing_shift,scaled_shift
0.0,0.025,0.7905694150420949,0.7905319821738485,-3.743286824642311e-05,-0.059892589194276966
0.0,0.05,0.7905694150420949,0.7904195698258646,-0.00014984521623029323,-0.05993808649211728
0.0,0.1,0.7905694150420949,0.789968203688064,-0.0006012113540309061,-0.060121135403090595
0.0,0.15,0.7905694150420949,0.7892097390053975,-0.0013596760366973992,-0.06043004607543997
0.0,0.2,0.7905694150420949,0.788134583417625,-0.002434831624469891,-0.06087079061174726
0.4,0.025,0.7794599520973826,0.7794209601726786,-3.8991924704023795e-05,-0.06238707952643806
0.4,0.05,0.7794599520973826,0.779303859757761,-0.0001560923396216607,-0.06243693584866426
0.4,0.1,0.7794599520973826,0.7788335762414459,-0.0006263758559367227,-0.06263758559367226
0.4,0.15,0.7794599520973826,0.7780429824188051,-0.0014169696785775177,-0.06297643015900078
0.4,0.2,0.7794599520973826,0.7769215364583566,-0.002538415639026015,-0.06346039097565036
0.8,0.025,0.7458353261772512,0.7457910917310066,-4.42344462446842e-05,-0.0707751139914947
0.8,0.05,0.7458353261772512,0.7456582224684166,-0.0001771037088346139,-0.07084148353384555
0.8,0.1,0.7458353261772512,0.745124237314403,-0.0007110888628482082,-0.0711088862848208
0.8,0.15,0.7458353261772512,0.7442251915372758,-0.0016101346399753913,-0.07156153955446184
0.8,0.2,0.7458353261772512,0.7429469086353497,-0.0028884175419015,-0.07221043854753749
1.2,0.025,0.6884531980548484,0.6883976954131207,-5.550264172771158e-05,-0.08880422676433851
1.2,0.05,0.6884531980548484,0.6882309073681481,-0.0002222906867003216,-0.08891627468012862
1.2,0.1,0.6884531980548484,0.6875595093138632,-0.0008936887409851657,-0.08936887409851656
1.2,0.15,0.6884531980548484,0.6864250635109581,-0.002028134543890281,-0.09013931306179027
1.2,0.2,0.6884531980548484,0.684803061805737,-0.0036501362491113687,-0.0912534062277842
