mode,eigenvalue,charge_overlap,axial_overlap
0,0.787984949521058,0.9960385805135012,2.5949437543614767e-08
1,0.43173923896355826,7.179418942908136e-08,0.9968649326187506
2,0.12546135968415628,0.0006130016709405707,1.6761998383630237e-07
3,0.12389358124895446,0.0005341686065090611,4.4216898270767425e-05
4,0.08482075080095573,1.522819659707337e-06,0.0024866305848676804
5,0.04059953327368005,0.0027961463136304612,1.963770389046255e-07
6,0.00020189423608106267,3.2094758130828057e-06,1.520130260232871e-07
7,0.0001460601372386713,1.5919186946649444e-06,1.8106689936496066e-07
8,2.232568817436929e-16,2.111232909091874e-07,6.936786283990993e-06
9,2.0344918714904676e-16,2.280214870676883e-08,4.834020317036644e-06
10,1.7647910733600329e-16,6.643572087687699e-07,3.93397056501375e-06
11,1.2971064398466625e-16,1.9340155499908656e-07,1.2551117096127745e-05
12,1.0832849950582663e-16,6.95138505702528e-08,5.828554853205598e-06
13,1.0504490188976869e-16,1.5202585464400988e-07,8.981002565377985e-06
14,9.323982675710144e-17,3.90843749383367e-07,1.2236500580745782e-06
15,8.087787420015653e-17,1.0519567591862386e-06,2.109450282448668e-05
16,6.699033334863601e-17,9.720329876592338e-07,1.8432755655945604e-07
17,4.879199774766886e-17,1.1914239293517677e-08,1.3962308765234524e-05
18,4.018960957816182e-17,4.7158659729246586e-07,3.5346633556690634e-05
19,3.904513239276707e-17,1.673287012364106e-07,3.021695986812516e-06
20,3.831971428163267e-17,3.2619886572475576e-07,6.068646674337739e-05
21,3.176580924214428e-17,2.659125262881426e-07,9.8901978519576e-06
22,2.5464642431747922e-17,1.600665880987881e-08,3.199663043553559e-06
23,1.9126617175496687e-17,2.3658683495623633e-07,7.098158105782752e-06
24,1.7000845565766463e-17,3.71017600551671e-07,1.216752014056183e-05
25,1.1806675735584249e-17,6.309714403269751e-07,4.026608852604662e-05
26,7.531592916180663e-18,6.441528828322157e-07,1.4039697396884283e-05
27,6.342487534259341e-18,2.2530256306661436e-08,1.3873854374973244e-06
28,-1.2309564094718362e-18,2.8558660236115893e-07,4.866927811630677e-08
29,-5.66397151341454e-18,4.171534143540535e-10,1.5461907607995612e-05
30,-1.1227778248296293e-17,5.376358284767799e-08,1.474277691622145e-07
31,-1.3676517848487013e-17,6.085045779121717e-07,2.2183794873596998e-05
32,-1.9565115132691715e-17,1.7339377505808754e-07,8.48710572199612e-06
33,-2.770777378695557e-17,2.647951481588957e-07,1.8615378997762512e-05
34,-2.9978351886416965e-17,6.285576881701685e-08,3.235516783665102e-06
35,-3.3536735459547224e-17,6.467034886978323e-07,4.085870258093643e-05
36,-4.214201027390257e-17,3.155564283264047e-07,2.5326539026967826e-06
37,-4.2940817078163295e-17,2.698830866268903e-07,3.819072569484748e-05
38,-6.960502505692574e-17,2.528926499432259e-07,7.063781218061816e-05
39,-8.028069776964173e-17,8.105427584016712e-07,1.1057856930714237e-05
40,-8.081890017724243e-17,1.1723125931821265e-08,7.102246854152506e-05
41,-9.735792507707277e-17,1.2397500051271934e-09,2.52067551719606e-06
42,-1.0963027919320632e-16,4.622544535909084e-08,1.9926148305390056e-06
43,-1.1293056692515128e-16,1.699878186322283e-07,2.4703790680551164e-06
44,-1.3491192967432936e-16,5.114634395312335e-07,4.255360768689315e-06
45,-1.461453754478603e-16,5.106247087759206e-09,7.4417058860921926e-06
46,-1.746868515994512e-16,1.613252393063968e-07,1.0421038603718213e-05
47,-2.1569875362243164e-16,1.6265696673812964e-07,5.281328511383939e-06
