L,nphi,B,ensemble,mu,density,total_re,total_im,conduction_re,conduction_im,interband_re,interband_im,other_re,other_im
6,-1,-0.17453292519943295,fixed_mu,0.7,1.0105679320831529,-0.005860450699318141,1.8159594783742852e-07,-0.003922920873863396,1.0438845539973187e-06,-0.0019375261758045417,-8.609594375742333e-07,-3.6496502031237183e-09,-1.3291685840421766e-09
6,-1,-0.17453292519943295,fixed_n,0.7374615309379402,1.015528325889747,-0.006055627549422547,-2.1254944462028303e-06,-0.004239876745236524,-1.3645577464067008e-06,-0.001815748849414177,-7.602247894370433e-07,-1.9547718463878313e-09,-7.119103590934497e-10
6,0,0.0,fixed_mu,0.7,1.0155283258897478,-0.005021109275616096,5.149746917994357e-06,-0.0029232251232269944,4.860306096170469e-06,-0.0020978802222974048,2.8853533075628286e-07,-3.930091695727949e-09,9.054910676830312e-10
6,0,0.0,fixed_n,0.7,1.0155283258897478,-0.005021109275616096,5.149746917994357e-06,-0.0029232251232269944,4.860306096170469e-06,-0.0020978802222974048,2.8853533075628286e-07,-3.930091695727949e-09,9.054910676830312e-10
6,1,0.17453292519943295,fixed_mu,0.7,1.0246990320700862,-0.0051223081755866675,-1.1130499891075206e-06,-0.0027050902791664025,-1.0169359154438536e-06,-0.002417217797259027,-9.60762671845585e-08,-9.916123809692656e-11,-3.7806479703907314e-11
6,1,0.17453292519943295,fixed_n,0.25412854586411443,1.0155283258897478,-0.004535394836195837,-1.839425782184143e-06,-0.0016371700286451109,3.25839499890344e-05,-0.0028980574588586706,-3.43595786835229e-05,-1.673486920564715e-07,-6.37970876962245e-08
8,-1,-0.09817477042468103,fixed_mu,0.7,1.0123553257003997,-0.005725431217890818,1.4301237195475202e-06,-0.0036699680134352885,2.0523528795415343e-06,-0.0020554594001928445,-6.208443940476821e-07,-3.8042626844420825e-09,-1.3847659457792955e-09
8,-1,-0.09817477042468103,fixed_n,0.7231746668609993,1.014776968137516,-0.005845843803493229,7.431264545259424e-07,-0.0038642715108698766,1.1554245085590082e-06,-0.001981569707226461,-4.113569586884123e-07,-2.585396891817425e-09,-9.410953452338452e-10
8,0,0.0,fixed_mu,0.7,1.0147769681375163,-0.005168692947601085,2.2570230034015168e-06,-0.0028935368255378646,1.9588766579623187e-06,-0.0022751530373719495,2.9715744363910805e-07,-3.084691270686221e-09,9.88901800156594e-10
8,0,0.0,fixed_n,0.7,1.0147769681375163,-0.005168692947601085,2.2570230034015168e-06,-0.0028935368255378646,1.9588766579623187e-06,-0.0022751530373719495,2.9715744363910805e-07,-3.084691270686221e-09,9.88901800156594e-10
8,1,0.09817477042468103,fixed_mu,0.7,1.0204538608160716,-0.005264034685552388,3.271992981310705e-07,-0.0029158150257212285,4.375568254346154e-07,-0.002348219619636299,-1.1034605829772162e-07,-4.0194860545417156e-11,-1.1469006328745738e-11
8,1,0.09817477042468103,fixed_n,0.5840478034616637,1.0147769681375165,-0.004707880280178159,-1.8926064498512335e-06,-0.002005044247364458,-1.8325871777113696e-06,-0.002702835755187503,-5.99400556483871e-08,-2.776261969407422e-10,-7.921649083402933e-11
