B,quantity,ensemble,component,q2,mu2q,q2_imag
0.0008,density,fixed_mu,total,0.05048517923156304,-0.6524367971230682,
0.0008,response,fixed_mu,total,-0.001674432666901992,-0.6524367971230682,2.630577940103418e-05
0.0008,response,fixed_mu,conduction,-0.02005412817279945,-0.6524367971230682,2.5283047923610713e-05
0.0008,response,fixed_mu,interband,0.018379879093681918,-0.6524367971230682,1.175847821672988e-06
0.0008,response,fixed_mu,other,-1.835999999968227e-07,-0.6524367971230682,-1.5311614212746175e-07
0.0008,response,fixed_n,total,0.0039058622506552183,-0.6524367971230682,2.690642020645706e-05
0.0008,response,fixed_n,conduction,-0.013932629133522542,-0.6524367971230682,2.5875564752304474e-05
0.0008,response,fixed_n,interband,0.017838675512030427,-0.6524367971230682,1.1839693481051598e-06
0.0008,response,fixed_n,other,-1.841401157999564e-07,-0.6524367971230682,-1.5311318211978677e-07
0.0012,density,fixed_mu,total,0.05045387564529671,-0.6520323480215438,
0.0012,response,fixed_mu,total,-0.0016719779146741644,-0.6520323480215438,2.6139250527856213e-05
0.0012,response,fixed_mu,conduction,-0.029771487100018028,-0.6520323480215438,0.00011350502165175717
0.0012,response,fixed_mu,interband,0.02809878303521666,-0.6520323480215438,-8.617383285631292e-05
0.0012,response,fixed_mu,other,7.261481637215043e-07,-0.6520323480215438,-1.1919380768129283e-06
0.0012,response,fixed_n,total,0.00390483308303676,-0.6520323480215438,2.6739518616718766e-05
0.0012,response,fixed_n,conduction,-0.023653875210885467,-0.6520323480215438,0.00011410271927463742
0.0012,response,fixed_n,interband,0.02755798267121421,-0.6520323480215438,-8.617124416266436e-05
0.0012,response,fixed_n,other,7.256235576387543e-07,-0.6520323480215438,-1.1919562405959036e-06
0.0016,density,fixed_mu,total,0.0504111953569808,-0.65148091110169,
0.0016,response,fixed_mu,total,-0.0016686108586836485,-0.65148091110169,2.5906816672517453e-05
0.0016,response,fixed_mu,conduction,-0.02508261751612759,-0.65148091110169,7.505113194375555e-05
0.0016,response,fixed_mu,interband,0.02341324522907682,-0.65148091110169,-4.84584870321044e-05
0.0016,response,fixed_mu,other,7.614261997398609e-07,-0.65148091110169,-6.858280591118037e-07
0.0016,response,fixed_n,total,0.003903449262836222,-0.65148091110169,2.6506590664222584e-05
0.0016,response,fixed_n,conduction,-0.018970269301242806,-0.65148091110169,7.56483419792377e-05
0.0016,response,fixed_n,interband,0.022872957647319808,-0.65148091110169,-4.8455904491034516e-05
0.0016,response,fixed_n,other,7.609137924859922e-07,-0.65148091110169,-6.858467223154317e-07
0.002,density,fixed_mu,total,0.05035823852361787,-0.6507967015845217,
0.002,response,fixed_mu,total,-0.0016643990957600913,-0.6507967015845217,2.5609221095637446e-05
0.002,response,fixed_mu,conduction,-0.02092564254946999,-0.6507967015845217,5.702397537389846e-05
0.002,response,fixed_mu,interband,0.019260563082748507,-0.6507967015845217,-3.0966040060755706e-05
0.002,response,fixed_mu,other,6.803693382688481e-07,-0.6507967015845217,-4.487141358142971e-07
0.002,response,fixed_n,total,0.003901764874083072,-0.6507967015845217,2.6208406059257386e-05
0.002,response,fixed_n,conduction,-0.014819806588937251,-0.6507967015845217,5.762060408685057e-05
0.002,response,fixed_n,interband,0.01872089159632136,-0.6507967015845217,-3.0963464683134475e-05
0.002,response,fixed_n,other,6.79867516415277e-07,-0.6507967015845217,-4.4873328602612756e-07
