split,eta,noise_radius,calibration_radius,B,rows,certified,coverage_failures,fit_successes,heuristic_acceptable,pp_outside_box,max_reference_error_over_HWHM,max_box_error_over_HWHM,median_pp_error_over_HWHM,median_full_fit_error_over_HWHM,median_holdout_rms
heldout,0.003,0.0001,0.0001,0.075,40,40,0,40,40,0,0.0003561462771362045,0.18680614659449812,0.16189732734449427,0.0031140380185623864,0.00026343558802407183
heldout,0.003,0.0001,0.0001,0.125,40,40,0,40,40,40,0.000522034609355219,0.20915679502619966,0.45691061795213206,0.0034479542867310972,0.0001887744765130029
heldout,0.003,0.0001,0.0001,0.175,40,40,0,40,40,40,0.0005662511905664876,0.2374282730559507,0.9021506445150995,0.003347147418080916,0.00014170345007060456
heldout,0.003,0.001,0.0001,0.075,40,40,0,40,40,0,0.002866839719876483,0.7271155017489391,0.1643906131202446,0.00788033282135272,0.0007413723235518586
heldout,0.003,0.001,0.0001,0.125,40,40,0,40,40,0,0.0037246161443590014,1.0680372496459551,0.4573964078845185,0.008093899199886692,0.0005241968302655744
heldout,0.003,0.001,0.0001,0.175,40,40,0,40,40,0,0.0057307783190759425,1.405497021095677,0.9014117098685444,0.007234147829304716,0.00043035818970137065
heldout,0.01,0.0001,0.0001,0.075,40,40,0,40,40,0,9.405766869807763e-05,0.07538124683549308,0.04875448703842496,0.0012023157643077692,0.0002374978982828579
heldout,0.01,0.0001,0.0001,0.125,40,40,0,40,40,40,7.730217156387553e-05,0.06455040021278169,0.1371756420098685,0.00103212151273909,0.0001612944600137198
heldout,0.01,0.0001,0.0001,0.175,40,40,0,40,40,40,0.00015700603492874166,0.06436235931208678,0.27083158681477915,0.0009940545291503618,0.00012053655993721625
heldout,0.01,0.001,0.0001,0.075,40,40,0,40,40,0,0.0007265568665482114,0.25722890292646516,0.04823575981074288,0.0018416649039093734,0.0004402405664850082
heldout,0.01,0.001,0.0001,0.125,40,40,0,40,40,0,0.0009338679356818425,0.2620202074898548,0.1375405392835814,0.0014716456224689411,0.0003189588034794446
heldout,0.01,0.001,0.0001,0.175,40,40,0,40,40,11,0.0015036223845243946,0.2996373751588788,0.270729474167453,0.0015676013762226167,0.0002624954036405802
primary,0.003,1e-05,0.0,0.025,120,120,0,120,120,120,4.7679976263500144e-05,0.007628825248184867,0.02262250783600035,0.005040451738419268,0.00025009134610719404
primary,0.003,1e-05,0.0,0.05,120,120,0,120,120,120,3.389458243704032e-05,0.004742527727826425,0.06889242145425657,0.001245226360577925,0.00022485543576772452
primary,0.003,1e-05,0.0,0.1,120,120,0,120,120,120,4.093249835375919e-05,0.007996775993908875,0.2893571905296495,0.0009219805952258857,0.000172884422011599
primary,0.003,1e-05,0.0,0.15,120,120,0,120,120,120,7.460917191467094e-05,0.011282184350277133,0.6585500040037211,0.0010635859585771297,0.0001350985762635947
primary,0.003,1e-05,0.0,0.2,120,120,0,120,120,120,9.584508964266547e-05,0.014410961421814267,1.1795595543296737,0.0011257577670949009,0.00011078720420971656
primary,0.003,1e-05,0.0001,0.025,120,120,0,120,120,0,0.00012794426777299842,0.5764920912110227,0.022647287221071545,0.005193296442930834,0.00025658270500276915
primary,0.003,1e-05,0.0001,0.05,120,120,0,120,120,0,9.182387809373675e-05,0.20815474970844092,0.06884458098031077,0.0012986273055118473,0.0002313103720637292
primary,0.003,1e-05,0.0001,0.1,120,120,0,120,120,120,0.00010965934242139022,0.13291675812232562,0.28932999373733814,0.0010299401294080667,0.00018322907225707066
primary,0.003,1e-05,0.0001,0.15,120,120,0,120,120,120,0.00024227111372621124,0.12074401062026988,0.6585205544210113,0.0011334375501361837,0.00014310173270195247
primary,0.003,1e-05,0.0001,0.2,120,120,0,120,120,120,0.00023490058309594275,0.11736254717057784,1.179534913162018,0.001168056943698617,0.00011731274943326443
primary,0.003,1e-05,0.001,0.025,120,120,0,120,97,0,0.0009801718704830857,5.45540401666315,0.019450517380106138,0.006603345855130253,0.0005117462975830522
primary,0.003,1e-05,0.001,0.05,120,120,0,120,118,0,0.0007589146990468384,1.962943244353088,0.06971979092008401,0.003182564402468815,0.0004685202331790445
primary,0.003,1e-05,0.001,0.1,120,120,0,120,120,0,0.0008384699716756927,1.2129646648447363,0.28966337525959834,0.0026531146259200435,0.00041129062025272985
primary,0.003,1e-05,0.001,0.15,120,120,0,120,120,0,0.0009447497992069268,1.0663862972260703,0.6585931097069719,0.0026921465411329296,0.0003317733978250031
primary,0.003,1e-05,0.001,0.2,120,120,0,120,120,120,0.0010309157717121782,1.003202523004454,1.1794818442916497,0.002883675333190715,0.0003592142154872593
primary,0.003,0.0001,0.0,0.025,120,120,0,120,114,0,0.0005291146611963171,0.07626444688420737,0.022421055189127164,0.005613931361979116,0.0002959709472770933
primary,0.003,0.0001,0.0,0.05,120,120,0,120,120,120,0.00030676394602302537,0.04741447819419283,0.06898966132011852,0.0018539306648416476,0.0002647084173265956
primary,0.003,0.0001,0.0,0.1,120,120,0,120,120,120,0.0004281678079494829,0.07997062265459783,0.289345874816615,0.0013394091149554965,0.00019499472594968452
primary,0.003,0.0001,0.0,0.15,120,120,0,120,120,120,0.0005403952367070511,0.11285771781040695,0.6586262333395848,0.001557938744910078,0.00014136686899023405
primary,0.003,0.0001,0.0,0.2,120,120,0,120,120,120,0.0009066482066592366,0.14419602340491147,1.1795680383176408,0.001596484562160428,0.00011692542420173947
primary,0.003,0.0001,0.0001,0.025,120,120,0,120,115,0,0.0005587579304429843,0.6877269762584811,0.022506070766704616,0.005503432909946277,0.0002955024510073918
primary,0.003,0.0001,0.0001,0.05,120,120,0,120,120,0,0.000379775927520735,0.2585781184850274,0.0688461211782773,0.002201939109352986,0.00026110351581507495
primary,0.003,0.0001,0.0001,0.1,120,120,0,120,120,120,0.000462985900284707,0.20170217756065867,0.289306292523559,0.0014322799764535745,0.00018798594131922168
primary,0.003,0.0001,0.0001,0.15,120,120,0,120,120,120,0.0007862207844026395,0.22342714644082068,0.6586181394523432,0.0014400134568707422,0.0001495850476320385
primary,0.003,0.0001,0.0001,0.2,120,120,0,120,120,120,0.0010107323320518447,0.25177712538700564,1.1795511129754561,0.0016787008027401105,0.00011705626070983419
primary,0.003,0.0001,0.001,0.025,120,120,0,120,93,0,0.0012016196064834617,5.700121464973599,0.01987718443280541,0.0073172305359814685,0.0005741570342738132
primary,0.003,0.0001,0.001,0.05,120,120,0,120,119,0,0.0010609028568235128,2.081447765770831,0.06911904582215407,0.0036769434105028945,0.0005048963562701641
primary,0.003,0.0001,0.001,0.1,120,120,0,120,120,0,0.0012968024766616775,1.3346704410694226,0.28877083273524223,0.0031001670069339218,0.00040883582873951156
primary,0.003,0.0001,0.001,0.15,120,120,0,120,120,0,0.0016449641776124697,1.2144270777843709,0.6579568776054805,0.0029871342241578973,0.0003758728161535262
primary,0.003,0.0001,0.001,0.2,120,120,0,120,120,80,0.002690863002937268,1.181586818608693,1.1793968470551244,0.0028824754227442318,0.00036757431124259844
primary,0.003,0.001,0.0,0.025,120,120,0,120,120,0,0.004709353673767088,0.7636475596630721,0.027028295343118968,0.02291152076602508,0.0013050254157252594
primary,0.003,0.001,0.0,0.05,120,120,0,120,120,0,0.003430905529307656,0.4731783407402693,0.07220086539066947,0.009077291446539622,0.000942751390056912
primary,0.003,0.001,0.0,0.1,120,120,0,120,120,0,0.004682737299847399,0.8002756314713736,0.2895103899029432,0.007315898535346481,0.0005712923188175758
primary,0.003,0.001,0.0,0.15,120,120,0,120,120,0,0.00791151676023579,1.1322998459163773,0.658688639763273,0.007511772376713417,0.0004705918097833072
primary,0.003,0.001,0.0,0.2,120,120,0,120,120,23,0.010418257684922475,1.450586072388312,1.1787157200179923,0.007413280742423042,0.00034812073042515303
primary,0.003,0.001,0.0001,0.025,120,120,0,120,119,0,0.004881906839078927,1.286582010949629,0.02990258882742345,0.02586381807922824,0.001502016504415632
primary,0.003,0.001,0.0001,0.05,120,120,0,120,120,0,0.0037018342984307395,0.6119864348437254,0.07012560161904141,0.01096085482882067,0.0009891349250688156
primary,0.003,0.001,0.0001,0.1,120,120,0,120,120,0,0.004026462064432579,0.916759189701799,0.2891080235164972,0.007827842958702157,0.0005860266189632994
primary,0.003,0.001,0.0001,0.15,120,120,0,120,120,0,0.0077447052983699765,1.2432787119931084,0.6578978018172955,0.007546596240199033,0.0004366024517092333
primary,0.003,0.001,0.0001,0.2,120,120,0,120,120,0,0.008214782783196503,1.5574805254187456,1.179839899511399,0.007068775899803299,0.0003839689114520421
primary,0.003,0.001,0.001,0.025,120,120,0,120,120,0,0.005546457357175072,6.811998679996452,0.028760229122565886,0.02366633581120275,0.0014998906447067741
primary,0.003,0.001,0.001,0.05,120,120,0,120,120,0,0.003169667110040445,2.5754367541757825,0.07091614710170753,0.009549772577428523,0.0009854672279991758
primary,0.003,0.001,0.001,0.1,120,120,0,120,120,0,0.004541031097149428,2.025117858180566,0.29068644768411456,0.007607654971374608,0.0007213623091421974
primary,0.003,0.001,0.001,0.15,120,120,0,120,120,0,0.008019803147315171,2.253536687000531,0.6584049496781944,0.006870126475870891,0.0005720147875522347
primary,0.003,0.001,0.001,0.2,120,120,0,120,120,0,0.01310342099795451,2.549554341580773,1.180627266451501,0.008146361733634795,0.0005400728681644034
primary,0.01,1e-05,0.0,0.025,120,120,0,120,120,40,5.720936648856423e-05,0.012767196183083307,0.012198149503851655,0.006835399753632813,0.00022012360035063945
primary,0.01,1e-05,0.0,0.05,120,120,0,120,120,120,1.4323525565629325e-05,0.003777837821572483,0.021332540761023408,0.0019128549669341684,0.0002012907445732348
primary,0.01,1e-05,0.0,0.1,120,120,0,120,120,120,1.1987675430091826e-05,0.0021326684923383965,0.08676358264714706,0.0006666223185620418,0.0001574062280767682
primary,0.01,1e-05,0.0,0.15,120,120,0,120,120,120,1.523603181396993e-05,0.002353495474860523,0.19768232018251752,0.0004596916614584014,0.00012473282416154214
primary,0.01,1e-05,0.0,0.2,120,120,0,120,120,120,1.7744215163872923e-05,0.0027858308557560107,0.3541023444721638,0.0004264107493836117,0.00010281996602287798
primary,0.01,1e-05,0.0001,0.025,120,120,0,120,120,0,0.00010589422929641046,0.4556571834732237,0.012206057783888256,0.006876216230297863,0.00022802278434933926
primary,0.01,1e-05,0.0001,0.05,120,120,0,120,120,0,5.3160255597539674e-05,0.1288965161998057,0.0213401786401579,0.0019191059172518907,0.00020728028940701418
primary,0.01,1e-05,0.0001,0.1,120,120,0,120,120,120,5.614318061564205e-05,0.0534523736081427,0.08675924405578153,0.0006757287397878831,0.00016319859475672036
primary,0.01,1e-05,0.0001,0.15,120,120,0,120,120,120,6.490568758010795e-05,0.04195093037766551,0.19767814850296977,0.0005017192031733919,0.00012876451258107095
primary,0.01,1e-05,0.0001,0.2,120,120,0,120,120,120,6.741771516605155e-05,0.038229590577620876,0.3541015983479015,0.0004567346439137679,0.00010659360909754593
primary,0.01,1e-05,0.001,0.025,120,120,0,120,119,0,0.0005827222306686863,4.42416623050339,0.008414819247242591,0.006915726520738739,0.00037920761631552217
primary,0.01,1e-05,0.001,0.05,120,120,0,120,120,0,0.0005356122200095292,1.245750794571454,0.020969437513803688,0.002290303008655067,0.00034644561319925485
primary,0.01,1e-05,0.001,0.1,120,120,0,120,120,0,0.00047964203269135197,0.5067001425955064,0.08666592412209836,0.0012036936617159755,0.0003034988671540672
primary,0.01,1e-05,0.001,0.15,120,120,0,120,120,0,0.0004350626259363999,0.38756983016621227,0.19767653753261455,0.0010508307011451545,0.00026842601858613447
primary,0.01,1e-05,0.001,0.2,120,120,0,120,120,80,0.0005078490243670686,0.3456842349048417,0.35409720154351754,0.0009185163616650561,0.00024072078013657677
primary,0.01,0.0001,0.0,0.025,120,120,0,120,120,0,0.0003849878642325777,0.12766412401987726,0.012016893272891408,0.007170624503278262,0.00024063198196945843
primary,0.01,0.0001,0.0,0.05,120,120,0,120,120,40,0.0001438604046333225,0.03778152718907357,0.02122986148481426,0.001874515955886431,0.00021366669467307972
primary,0.01,0.0001,0.0,0.1,120,120,0,120,120,120,9.520704054022389e-05,0.021330081936810075,0.08677882923183523,0.0007216713154099631,0.00016837394217701212
primary,0.01,0.0001,0.0,0.15,120,120,0,120,120,120,0.00010431780965713955,0.02354128713795145,0.1976690079715432,0.0005412036257881655,0.0001347965274932558
primary,0.01,0.0001,0.0,0.2,120,120,0,120,120,120,0.0001617292815003779,0.027869876909814018,0.35410387452622105,0.0005208236100611818,0.00010799179852585854
primary,0.01,0.0001,0.0001,0.025,120,120,0,120,120,0,0.0005204978046124964,0.6019602049327721,0.011781450502086978,0.006726298643396819,0.0002442350010051497
primary,0.01,0.0001,0.0001,0.05,120,120,0,120,120,0,0.00019431941484793214,0.17238950792677343,0.021292203582665058,0.0019487426297227209,0.0002244381731332188
primary,0.01,0.0001,0.0001,0.1,120,120,0,120,120,120,0.00011964187716095864,0.07726575892232912,0.08681211541299386,0.0007439487974159019,0.00016924726371527382
primary,0.01,0.0001,0.0001,0.15,120,120,0,120,120,120,0.00014351736926654368,0.06684071365163913,0.19768321101394354,0.0005453149000716332,0.00013003277764628217
primary,0.01,0.0001,0.0001,0.2,120,120,0,120,120,120,0.00019825617838531429,0.06644962345725425,0.3540670207433352,0.0005156564626006887,0.00010801533227998886
primary,0.01,0.0001,0.001,0.025,120,120,0,120,112,0,0.0008713252385605941,4.587600497963362,0.009703937216185142,0.007235326897453412,0.00042511405281352545
primary,0.01,0.0001,0.001,0.05,120,120,0,120,120,0,0.0005925071351775557,1.295268956798079,0.021689224538634963,0.0024327631782227917,0.0003853748621282327
primary,0.01,0.0001,0.001,0.1,120,120,0,120,120,0,0.0006316638659908946,0.5373370147327972,0.08677005999162127,0.0011790803612776821,0.0003169741250441312
primary,0.01,0.0001,0.001,0.15,120,120,0,120,120,0,0.0006154160937521524,0.4220092693702604,0.1976418842583331,0.00108827592970934,0.0002922067852755883
primary,0.01,0.0001,0.001,0.2,120,120,0,120,120,40,0.0006800974355902767,0.3848298787771931,0.354075814596872,0.0010750468255249562,0.0002579912618132693
primary,0.01,0.001,0.0,0.025,120,120,0,120,120,0,0.004798119689919389,1.2856381104290993,0.013590306079953339,0.01274799223868271,0.000734106672423009
primary,0.01,0.001,0.0,0.05,120,120,0,120,120,0,0.0013917082512859835,0.37823957272626885,0.021436376290641265,0.0037132151699923715,0.0005264501940804322
primary,0.01,0.001,0.0,0.1,120,120,0,120,120,0,0.0008468854049148433,0.21362015695780556,0.08702255844223138,0.0018257791428875599,0.0003507399103827657
primary,0.01,0.001,0.0,0.15,120,120,0,120,120,40,0.001138373442555185,0.23603986389399978,0.19767218402888925,0.0013420685462237898,0.0002691516474950566
primary,0.01,0.001,0.0,0.2,120,120,0,120,120,120,0.0020008072484367645,0.2797896853154569,0.3540414094339789,0.001392388645907368,0.0002270178482047535
primary,0.01,0.001,0.0001,0.025,120,120,0,120,120,0,0.004043370920525646,1.8027241190782028,0.013251873424938946,0.013405402557464651,0.0006855676637177229
primary,0.01,0.001,0.0001,0.05,120,120,0,120,120,0,0.0012031751332242102,0.5219264575091476,0.021962365961287665,0.0036942876084801075,0.0005208089355224619
primary,0.01,0.001,0.0001,0.1,120,120,0,120,120,0,0.0012008339113744881,0.2718310814129765,0.08649734576885684,0.0018455262355033032,0.0003583733689916318
primary,0.01,0.001,0.0001,0.15,120,120,0,120,120,0,0.0016530356573118965,0.28084306833073835,0.19746971892726756,0.0013624289467240366,0.0002828514268321495
primary,0.01,0.001,0.0001,0.2,120,120,0,120,120,82,0.001427267770925944,0.31977162591014796,0.3542838997035676,0.001461967192960874,0.00021930685387094482
primary,0.01,0.001,0.001,0.025,120,120,0,120,120,0,0.005538077934519325,6.160082359991237,0.016417976736373602,0.017833873892230317,0.0008220244710178052
primary,0.01,0.001,0.001,0.05,120,120,0,120,120,0,0.0015454415751792183,1.7309270457072978,0.020938840665100097,0.004848750131948807,0.0006475115303626569
primary,0.01,0.001,0.001,0.1,120,120,0,120,120,0,0.0012103047061340355,0.7776422129974314,0.08629282694428203,0.002056763221205427,0.00045699479721122136
primary,0.01,0.001,0.001,0.15,120,120,0,120,120,0,0.0012211997951983022,0.6740364765906781,0.19760585317876123,0.0015995839675592566,0.00038123797914010817
primary,0.01,0.001,0.001,0.2,120,120,0,120,120,0,0.002512062675052995,0.6714437880962931,0.3537603345695884,0.0018308351672328867,0.0003443871547536118
