qbar,b,branch,omega_bar
0.066,0.0,charge,0.1252155637798251
0.066,0.0,axial,0.09964071234365918
0.066,0.01,lower,0.09958749671702474
0.066,0.01,upper,0.12528149720063836
0.06701785714285714,0.0,charge,0.12570108804943156
0.06701785714285714,0.0,axial,0.10117737917363444
0.06701785714285714,0.01,lower,0.10112135714599381
0.06701785714285714,0.01,upper,0.12576976799590786
0.06803571428571428,0.0,charge,0.1261929583348729
0.06803571428571428,0.0,axial,0.10271404600360969
0.06803571428571428,0.01,lower,0.10265498694857665
0.06803571428571428,0.01,upper,0.12626461741361195
0.06905357142857144,0.0,charge,0.12669112868874258
0.06905357142857144,0.0,axial,0.10425071283358497
0.06905357142857144,0.01,lower,0.10418835654730467
0.06905357142857144,0.01,upper,0.12676602904874817
0.07007142857142858,0.0,charge,0.12719555276821506
0.07007142857142858,0.0,axial,0.10578737966356024
0.07007142857142858,0.01,lower,0.10572143113369466
0.07007142857142858,0.01,upper,0.1272739913327121
0.07108928571428572,0.0,charge,0.12770618385035795
0.07108928571428572,0.0,axial,0.10732404649353548
0.07108928571428572,0.01,lower,0.10725416946296329
0.07108928571428572,0.01,upper,0.12778849875386888
0.07210714285714286,0.0,charge,0.12822297484763637
0.07210714285714286,0.0,axial,0.10886071332351074
0.07210714285714286,0.01,lower,0.10878652230125692
0.07210714285714286,0.01,upper,0.1283095534257991
0.073125,0.0,charge,0.12874587832358667
0.073125,0.0,axial,0.110397380153486
0.073125,0.01,lower,0.11031843040334112
0.073125,0.01,upper,0.12883716712525384
0.07414285714285715,0.0,charge,0.1292748465086424
0.07414285714285715,0.0,axial,0.11193404698346128
0.07414285714285715,0.01,lower,0.11184982184745862
0.07414285714285715,0.01,upper,0.12937136397310897
0.07516071428571429,0.0,charge,0.1298098313161127
0.07516071428571429,0.0,axial,0.11347071381343654
0.07516071428571429,0.01,lower,0.11338060847748804
0.07516071428571429,0.01,upper,0.12991218400811821
0.07617857142857143,0.0,charge,0.13035078435826697
0.07617857142857143,0.0,axial,0.1150073806434118
0.07617857142857143,0.01,lower,0.1149106810860258
0.07617857142857143,0.01,upper,0.13045968801994873
0.07719642857142857,0.0,charge,0.13089765696254393
0.07719642857142857,0.0,axial,0.11654404747338706
0.07719642857142857,0.01,lower,0.1164399027912587
0.07719642857142857,0.01,upper,0.13101396418847855
0.07821428571428572,0.0,charge,0.13145040018784732
0.07821428571428572,0.0,axial,0.11808071430336234
0.07821428571428572,0.01,lower,0.11796809977409248
0.07821428571428572,0.01,upper,0.13157513736286683
0.07923214285714286,0.0,charge,0.13200896484091934
0.07923214285714286,0.0,axial,0.1196173811333376
0.07923214285714286,0.01,lower,0.11949504807762666
0.07923214285714286,0.01,upper,0.13214338227856803
0.08025,0.0,charge,0.13257330149277555
0.08025,0.0,axial,0.12115404796331286
0.08025,0.01,lower,0.12102045439903114
0.08025,0.01,upper,0.1327189427817504
0.08126785714285714,0.0,charge,0.13314336049518286
0.08126785714285714,0.0,axial,0.12269071479328811
0.08126785714285714,0.01,lower,0.12254392748486502
0.08126785714285714,0.01,upper,0.13330216045050117
0.0822857142857143,0.0,charge,0.1337190919971664
0.0822857142857143,0.0,axial,0.1242273816232634
0.0822857142857143,0.01,lower,0.12406493441984096
0.0822857142857143,0.01,upper,0.1338935183225213
0.08330357142857144,0.0,charge,0.1343004459615262
0.08330357142857144,0.0,axial,0.12576404845323866
0.08330357142857144,0.01,lower,0.12558273188336486
0.08330357142857144,0.01,upper,0.13449370965509708
0.08432142857142857,0.0,charge,0.13488737218134986
0.08432142857142857,0.0,axial,0.1273007152832139
0.08432142857142857,0.01,lower,0.12709625453246282
0.08432142857142857,0.01,upper,0.13510374955866886
0.08533928571428571,0.0,charge,0.13547982029650302
0.08533928571428571,0.0,axial,0.12883738211318918
0.08533928571428571,0.01,lower,0.1286039273027917
0.08533928571428571,0.01,upper,0.13572516271228535
0.08635714285714285,0.0,charge,0.13607773981008114
0.08635714285714285,0.0,axial,0.13037404894316443
0.08635714285714285,0.01,lower,0.1301033376890042
0.08635714285714285,0.01,upper,0.13636031109968746
0.08737500000000001,0.0,charge,0.1366810801048085
0.08737500000000001,0.0,axial,0.1319107157731397
0.08737500000000001,0.01,lower,0.13159064157507372
0.08737500000000001,0.01,upper,0.137012988195359
0.08839285714285715,0.0,charge,0.1372897904593658
0.08839285714285715,0.0,axial,0.13344738260311498
0.08839285714285715,0.01,lower,0.13305945185714033
0.08839285714285715,0.01,upper,0.13768953035800094
0.08941071428571429,0.0,charge,0.13790382006463275
0.08941071428571429,0.0,axial,0.13498404943309023
0.08941071428571429,0.01,lower,0.13449874641053494
0.08941071428571429,0.01,upper,0.1384009088797406
0.09042857142857143,0.0,charge,0.13852311803982675
0.09042857142857143,0.0,axial,0.13652071626306547
0.09042857142857143,0.01,lower,0.13588920765091436
0.09042857142857143,0.01,upper,0.1391663904411053
0.09144642857142857,0.0,charge,0.1391476334485379
0.09144642857142857,0.0,axial,0.13805738309304075
0.09144642857142857,0.01,lower,0.13719879812844227
0.09144642857142857,0.01,upper,0.14001796153287274
0.09246428571428572,0.0,charge,0.13977731531459983
0.09246428571428572,0.0,axial,0.13959404992301602
0.09246428571428572,0.01,lower,0.13838563831189366
0.09246428571428572,0.01,upper,0.14099745068784225
0.09348214285714286,0.0,charge,0.14041211263786024
0.09348214285714286,0.0,axial,0.14113071675299127
0.09348214285714286,0.01,lower,0.1394232430671364
0.09348214285714286,0.01,upper,0.14213129201808866
0.0945,0.0,charge,0.14105197440975428
0.0945,0.0,axial,0.14266738358296654
0.0945,0.01,lower,0.1403279879646435
0.0945,0.01,upper,0.14340305892302666
0.09551785714285714,0.0,charge,0.14169684962872298
0.09551785714285714,0.0,axial,0.1442040504129418
0.09551785714285714,0.01,lower,0.1411423017830747
0.09551785714285714,0.01,upper,0.14477027160123762
0.09653571428571428,0.0,charge,0.14234668731543812
0.09653571428571428,0.0,axial,0.14574071724291707
0.09653571428571428,0.01,lower,0.14190329322995482
0.09653571428571428,0.01,upper,0.14619577034500952
0.09755357142857143,0.0,charge,0.14300143652782205
0.09755357142857143,0.0,axial,0.14727738407289234
0.09755357142857143,0.01,lower,0.1426342734836327
0.09755357142857143,0.01,upper,0.14765619301336477
0.09857142857142857,0.0,charge,0.14366104637587906
0.09857142857142857,0.0,axial,0.1488140509028676
0.09857142857142857,0.01,lower,0.14334855787131326
0.09857142857142857,0.01,upper,0.14913817336891402
0.09958928571428571,0.0,charge,0.1443254660362681
0.09958928571428571,0.0,axial,0.15035071773284286
0.09958928571428571,0.01,lower,0.14405375496444045
0.09958928571428571,0.01,upper,0.1506340519969327
0.10060714285714287,0.0,charge,0.14499464476666607
0.10060714285714287,0.0,axial,0.15188738456281814
0.10060714285714287,0.01,lower,0.14475435658496252
0.10060714285714287,0.01,upper,0.15213928631356805
0.101625,0.0,charge,0.1456685319198763
0.101625,0.0,axial,0.15342405139279336
0.101625,0.01,lower,0.14545312186981255
0.101625,0.01,upper,0.1536510665153828
0.10264285714285715,0.0,charge,0.14634707695768095
0.10264285714285715,0.0,axial,0.15496071822276866
0.10264285714285715,0.01,lower,0.14615181074955602
0.10264285714285715,0.01,upper,0.15516758211458323
0.10366071428571429,0.0,charge,0.14703022946442845
0.10366071428571429,0.0,axial,0.1564973850527439
0.10366071428571429,0.01,lower,0.14685158328099937
0.10366071428571429,0.01,upper,0.15668762261998379
0.10467857142857143,0.0,charge,0.14771793916034576
0.10467857142857143,0.0,axial,0.15803405188271916
0.10467857142857143,0.01,lower,0.14755322528394207
0.10467857142857143,0.01,upper,0.1582103519135651
0.10569642857142858,0.0,charge,0.1484101559145678
0.10569642857142858,0.0,axial,0.15957071871269443
0.10569642857142858,0.01,lower,0.14825728081038014
0.10569642857142858,0.01,upper,0.1597351757942885
0.10671428571428572,0.0,charge,0.14910682975787498
0.10671428571428572,0.0,axial,0.1611073855426697
0.10671428571428572,0.01,lower,0.14896413278418547
0.10671428571428572,0.01,upper,0.1612616613511604
0.10773214285714286,0.0,charge,0.14980791089513765
0.10773214285714286,0.0,axial,0.16264405237264495
0.10773214285714286,0.01,lower,0.1496740537431354
0.10773214285714286,0.01,upper,0.1627894862336074
0.10875,0.0,charge,0.15051334971743238
0.10875,0.0,axial,0.16418071920262023
0.10875,0.01,lower,0.15038723873678164
0.10875,0.01,upper,0.16431840576584125
0.10976785714285714,0.0,charge,0.15122309681389579
0.10976785714285714,0.0,axial,0.16571738603259548
0.10976785714285714,0.01,lower,0.15110382723532728
0.10976785714285714,0.01,upper,0.16584823104958157
0.11078571428571429,0.0,charge,0.15193710298320356
0.11078571428571429,0.0,axial,0.16725405286257075
0.11078571428571429,0.01,lower,0.15182391807645101
0.11078571428571429,0.01,upper,0.16737881402898855
0.11180357142857143,0.0,charge,0.15265531924476755
0.11180357142857143,0.0,axial,0.16879071969254603
0.11180357142857143,0.01,lower,0.15254757988538825
0.11180357142857143,0.01,upper,0.1689100370815956
0.11282142857142857,0.0,charge,0.1533776968495924
0.11282142857142857,0.0,axial,0.17032738652252127
0.11282142857142857,0.01,lower,0.15327485848301112
0.11282142857142857,0.01,upper,0.17044180562114888
0.11383928571428573,0.0,charge,0.15410418729080413
0.11383928571428573,0.0,axial,0.17186405335249655
0.11383928571428573,0.01,lower,0.15400578224639375
0.11383928571428573,0.01,upper,0.17197404274752667
0.11485714285714285,0.0,charge,0.15483474231384678
0.11485714285714285,0.0,axial,0.1734007201824718
0.11485714285714285,0.01,lower,0.1547403660508415
0.11485714285714285,0.01,upper,0.17350668531497646
0.115875,0.0,charge,0.15556931392634216
0.115875,0.0,axial,0.17493738701244707
0.115875,0.01,lower,0.15547861421138384
0.115875,0.01,upper,0.17503968100038783
0.11689285714285715,0.0,charge,0.1563078544076131
0.11689285714285715,0.0,axial,0.17647405384242232
0.11689285714285715,0.01,lower,0.15622052270761302
0.11689285714285715,0.01,upper,0.17657298608803682
0.11791071428571429,0.0,charge,0.15705031631786706
0.11791071428571429,0.0,axial,0.1780107206723976
0.11791071428571429,0.01,lower,0.15696608088719782
0.11791071428571429,0.01,upper,0.17810656377522963
0.11892857142857144,0.0,charge,0.15779665250703967
0.11892857142857144,0.0,axial,0.17954738750237287
0.11892857142857144,0.01,lower,0.15771527278524428
0.11892857142857144,0.01,upper,0.1796403828617864
0.11994642857142856,0.0,charge,0.1585468161232972
0.11994642857142856,0.0,axial,0.18108405433234812
0.11994642857142856,0.01,lower,0.1584680781569277
0.11994642857142856,0.01,upper,0.1811744167259091
0.12096428571428572,0.0,charge,0.15930076062119952
0.12096428571428572,0.0,axial,0.1826207211623234
0.12096428571428572,0.01,lower,0.15922447329365133
0.12096428571428572,0.01,upper,0.1827086425161815
0.12198214285714286,0.0,charge,0.16005843976952136
0.12198214285714286,0.0,axial,0.18415738799229864
0.12198214285714286,0.01,lower,0.15998443167400697
0.12198214285714286,0.01,upper,0.1842430405084322
0.123,0.0,charge,0.1608198076587355
0.123,0.0,axial,0.1856940548222739
0.123,0.01,lower,0.16074792448738592
0.123,0.01,upper,0.18577759358959658
