b,X_target,X_exact_zero_field_detuning,qbar,branch,normalized_frequency,universal_frequency,normalized_residue,universal_residue,relative_residual
0.0025,-3.2,-3.200000000000078,0.09503555199559868,lower,-3.3529868587619487,-3.3526109228480423,0.9760668009942962,0.9772399890175149,9.402272885126533e-17
0.0025,-3.2,-3.200000000000078,0.09503555199559868,upper,3.3552273630450786,3.3526109228480423,0.023942934105047033,0.022760010982485146,1.434901735157267e-16
0.0025,-2.8800000000000003,-2.8799999999999764,0.09479766934998193,lower,-3.0490297279133665,-3.0486718419665966,0.9710530102501633,0.9723368321173932,8.024796789568939e-16
0.0025,-2.8800000000000003,-2.8799999999999764,0.09479766934998193,upper,3.051270934738512,3.0486718419665966,0.028956737114168768,0.02766316788260681,2.7264564480485026e-16
0.0025,-2.56,-2.5599999999999175,0.09456009755112213,lower,-2.7487158794865,-2.7483813418083014,0.9643133459225488,0.9657286747398097,7.976937967214475e-16
0.0025,-2.56,-2.5599999999999175,0.09456009755112213,upper,2.7509578009146423,2.7483813418083014,0.03569641519747219,0.03427132526019033,7.143792796479313e-17
0.0025,-2.24,-2.2400000000000713,0.09432283611939915,lower,-2.4533829671712395,-2.4530796970339144,0.9549959017312302,0.9565689412187557,2.446836373933718e-16
0.0025,-2.24,-2.2400000000000713,0.09432283611939915,upper,2.455625615260122,2.4530796970339144,0.04501387435351287,0.04343105878124437,3.1421036339845687e-16
0.0025,-1.9200000000000002,-1.9199999999999273,0.09408588457359152,lower,-2.1650692121616295,-2.1648094604375694,0.9416936902435371,0.9434570420834898,2.2720198063188514e-15
0.0025,-1.9200000000000002,-1.9199999999999273,0.09408588457359152,upper,2.1673125989760664,2.1648094604375694,0.05831610335446446,0.056542957916510206,8.239139751498368e-16
0.0025,-1.6,-1.599999999999911,0.09384924243090684,lower,-1.8869928141354044,-1.886796226411321,0.9220062836933778,0.9239991520025439,4.631189268966739e-16
0.0025,-1.6,-1.599999999999911,0.09384924243090684,upper,1.8892369517355247,1.886796226411321,0.07800353129960738,0.07600084799745604,5.424176638608978e-16
0.0025,-1.2800000000000002,-1.2800000000000227,0.09361290920699698,lower,-1.6244161137796578,-1.6243152403397565,0.8917470207979585,0.8940121868622817,1.5975587593036114e-15
0.0025,-1.2800000000000002,-1.2800000000000227,0.09361290920699698,upper,1.6266610142406686,1.6243152403397565,0.10826282133222676,0.10598781313771832,9.296473896881596e-15
0.0025,-0.96,-0.9600000000000914,0.09337688441599058,lower,-1.3861682158383763,-1.3862178760930766,0.8436939429763846,0.8462659140948567,6.405705296305918e-14
0.0025,-0.96,-0.9600000000000914,0.09337688441599058,upper,1.3884138912480068,1.3862178760930766,0.1563159341044552,0.15373408590514326,2.5471377934663385e-16
0.0025,-0.6400000000000001,-0.6400000000001178,0.09314116757050717,lower,-1.1869762326376814,-1.1872657663724664,0.7666505252396423,0.7695268482116837,3.699095950278304e-17
0.0025,-0.6400000000000001,-0.6400000000001178,0.09314116757050717,upper,1.1892226950070786,1.1872657663724664,0.23335939638229108,0.2304731517883163,3.87959814111454e-17
0.0025,-0.3200000000000003,-0.3200000000000589,0.09290575818168431,lower,-1.0492987706187216,-1.0499523798725352,0.6492841714755898,0.6523878635518919,3.3954833040297887e-16
0.0025,-0.3200000000000003,-0.3200000000000589,0.09290575818168431,upper,1.051546032068752,1.0499523798725352,0.3507257961999924,0.34761213644810807,4.910036852088944e-14
0.0025,0.0,1.2777996794784175e-13,0.09267065575919937,lower,-0.9988745213959065,-1.0,0.4968159258346641,0.5,2.734259094231336e-15
0.0025,0.0,1.2777996794784175e-13,0.09267065575919937,upper,1.0011225939586728,1.0,0.503194068232307,0.5,1.800743340771189e-16
0.0025,0.31999999999999984,0.32000000000001627,0.09243585981129235,lower,-1.0483563811890904,-1.049952379872535,0.34451443834894935,0.3476121364481082,2.4516381786144214e-14
0.0025,0.31999999999999984,0.32000000000001627,0.09243585981129235,upper,1.0506052769455922,1.049952379872535,0.6554955470939894,0.6523878635518918,1.2392265555533933e-16
0.0025,0.6399999999999997,0.6400000000000325,0.09220136984478805,lower,-1.1853092452097487,-1.1872657663724662,0.2276091814063139,0.2304731517883165,8.584643516234319e-17
0.0025,0.6399999999999997,0.6400000000000325,0.09220136984478805,upper,1.187558976255553,1.1872657663724662,0.7724007753763921,0.7695268482116835,1.0607778532672836e-16
0.0025,0.96,0.9600000000001766,0.09196718536511879,lower,-1.3840262452002592,-1.3862178760930766,0.15118031854833508,0.15373408590514326,8.914106293750485e-16
0.0025,0.96,0.9600000000001766,0.09196718536511879,upper,1.3862768236010314,1.3862178760930766,0.8488296115892157,0.8462659140948567,2.0530446353615723e-16
0.0025,1.2800000000000002,1.2800000000001077,0.09173330587634694,lower,-1.6219782904719577,-1.6243152403397565,0.10374548061609203,0.10598781313771832,3.5363878545648875e-16
0.0025,1.2800000000000002,1.2800000000001077,0.09173330587634694,upper,1.6242297283057165,1.6243152403397565,0.8962644312267495,0.8940121868622817,3.668050164605033e-15
0.0025,1.5999999999999996,1.5999999999999537,0.09149973088118692,lower,-1.884368859255541,-1.8867962264113205,0.07403420811497077,0.0760008479974561,9.377974697280264e-17
0.0025,1.5999999999999996,1.5999999999999537,0.09149973088118692,upper,1.8866211686113785,1.8867962264113205,0.9259756934161067,0.9239991520025439,2.7569542249594732e-14
0.0025,1.92,1.9200000000000979,0.09126645988102733,lower,-2.162324173101526,-2.1648094604375694,0.0548082689223056,0.056542957916510206,2.619527176661773e-16
0.0025,1.92,1.9200000000000979,0.09126645988102733,upper,2.1645773660319896,2.1648094604375694,0.9452016288975064,0.9434570420834898,2.96960331887508e-17
0.0025,2.24,2.2399999999999864,0.09103349237595372,lower,-2.4505560453428994,-2.4530796970339144,0.04188843589257315,0.043431058781244314,3.2863886510330203e-16
0.0025,2.24,2.2399999999999864,0.09103349237595372,upper,2.452810133937082,2.4530796970339144,0.9581214619813331,0.9565689412187557,1.0586202981401384e-14
0.0025,2.5599999999999996,2.5600000000000027,0.09080082786476976,lower,-2.745831485687496,-2.748381341808301,0.03288769675444843,0.03427132526019028,1.5395611301078206e-16
0.0025,2.5599999999999996,2.5600000000000027,0.09080082786476976,upper,2.7480864820373,2.748381341808301,0.9671222029132684,0.9657286747398097,2.2605933974164632e-17
0.0025,2.88,2.8799999999999337,0.0905684658450198,lower,-3.046103619207521,-3.0486718419665966,0.02641200523986114,0.02766316788260692,7.055683564018465e-16
0.0025,2.88,2.8799999999999337,0.0905684658450198,upper,3.0483595353838098,3.0486718419665966,0.9735978987131266,0.9723368321173931,1.0265188722769557e-14
0.0025,3.2,3.200000000000078,0.09033640581300423,lower,-3.350029561550149,-3.3526109228480423,0.021620212556310716,0.022760010982485146,4.3314020600954315e-16
0.0025,3.2,3.200000000000078,0.09033640581300423,upper,3.352286409663141,3.3526109228480423,0.9783896967551197,0.9772399890175149,2.3211065919344437e-16
0.005,-3.2,-3.19999999999995,0.09743157935145845,lower,-3.353413420437967,-3.3526109228480423,0.974868000258163,0.9772399890175149,1.198767301560971e-16
0.005,-3.2,-3.19999999999995,0.09743157935145845,upper,3.357881744614564,3.3526109228480423,0.025172053961870614,0.022760010982485146,3.63513479500121e-14
0.005,-2.8800000000000003,-2.8799999999999977,0.096949860652849,lower,-3.0494325095700856,-3.0486718419665966,0.9697445600665097,0.9723368321173932,1.080213081944231e-14
0.005,-2.8800000000000003,-2.8799999999999977,0.096949860652849,upper,3.0539031857566044,3.0486718419665966,0.030295553463664058,0.02766316788260681,6.98830430577895e-14
0.005,-2.56,-2.55999999999996,0.09646940230289959,lower,-2.749089514984786,-2.7483813418083014,0.9628746029678862,0.9657286747398097,2.751527164647418e-14
0.005,-2.56,-2.55999999999996,0.09646940230289959,upper,2.7535626395420167,2.7483813418083014,0.03716557001308454,0.03427132526019033,7.40519397562235e-14
0.005,-2.24,-2.2399999999999864,0.09599020058086799,lower,-2.453719458503548,-2.4530796970339144,0.9534009912097261,0.9565689412187557,1.9950780635394604e-16
0.005,-2.24,-2.2399999999999864,0.09599020058086799,upper,2.4581951277857215,2.4530796970339144,0.04663924163036869,0.04343105878124437,1.7150141607036302e-17
0.005,-1.9200000000000002,-1.9199999999999486,0.09551225173746586,lower,-2.165356221014837,-2.1648094604375694,0.9399104836794537,0.9434570420834898,4.1405484004851854e-17
0.005,-1.9200000000000002,-1.9199999999999486,0.09551225173746586,upper,2.1698345314313854,2.1648094604375694,0.060129810019986026,0.056542957916510206,2.3160146239326055e-16
0.005,-1.6,-1.600000000000039,0.09503555199559868,lower,-1.8872106097788304,-1.886796226411321,0.9199962597114719,0.9239991520025439,9.625126134426064e-17
0.005,-1.6,-1.600000000000039,0.09503555199559868,upper,1.8916916577626974,1.886796226411321,0.08004409581411821,0.07600084799745604,5.448810642001057e-16
0.005,-1.2800000000000002,-1.2799999999999587,0.09456009755112213,lower,-1.6245320990676262,-1.6243152403397565,0.8894683586489199,0.8940121868622817,4.344083335568223e-16
0.005,-1.2800000000000002,-1.2799999999999587,0.09456009755112213,upper,1.629015981086682,1.6243152403397565,0.11057206013198838,0.10598781313771832,3.54926640104062e-14
0.005,-0.96,-0.9599999999999637,0.09408588457359152,lower,-1.3861276619602576,-1.3862178760930766,0.8411133667774117,0.8462659140948567,3.4048052948832827e-16
0.005,-0.96,-0.9599999999999637,0.09408588457359152,upper,1.3906144744863762,1.3862178760930766,0.15892711696634662,0.15373408590514326,5.606779428209033e-16
0.005,-0.6400000000000001,-0.6400000000000113,0.09361290920699698,lower,-1.1866902594957613,-1.1872657663724664,0.7637716997266468,0.7695268482116837,2.570194843834125e-16
0.005,-0.6400000000000001,-0.6400000000000113,0.09361290920699698,upper,1.1911800990487766,1.1872657663724664,0.2362688515925546,0.2304731517883163,2.3226522037928393e-16
0.005,-0.3200000000000003,-0.3200000000000589,0.09314116757050717,lower,-1.0486443913846926,-1.0499523798725352,0.6461845835790269,0.6523878635518919,2.1913795873491455e-15
0.005,-0.3200000000000003,-0.3200000000000589,0.09314116757050717,upper,1.0531373545018592,1.0499523798725352,0.35385603568154,0.34761213644810807,4.980436816167283e-16
0.005,0.0,6.388998397392087e-14,0.09267065575919937,lower,-0.9977461381020296,-1.0,0.49364219621664324,0.5,4.502926183800054e-16
0.005,0.0,6.388998397392087e-14,0.09267065575919937,upper,1.0022423213420268,1.0,0.5063984861613512,0.5,1.157362499141278e-15
0.005,0.31999999999999984,0.32000000000001627,0.09220136984478805,lower,-1.0467580174903002,-1.049952379872535,0.3414332860572835,0.3476121364481082,1.57636158395859e-16
0.005,0.31999999999999984,0.32000000000001627,0.09220136984478805,upper,1.0512575174360426,1.049952379872535,0.6586074507272347,0.6523878635518918,3.210260895275651e-16
0.005,0.6399999999999997,0.6400000000000539,0.09173330587634694,lower,-1.1833530622149389,-1.1872657663724662,0.22476822323179338,0.2304731517883165,1.7431608273274747e-16
0.005,0.6399999999999997,0.6400000000000539,0.09173330587634694,upper,1.1878559754705098,1.1872657663724662,0.7752725629950528,0.7695268482116835,3.764269216284455e-16
0.005,0.96,0.9600000000000489,0.09126645988102733,lower,-1.3818388137498898,-1.3862178760930766,0.14865540473615146,0.15373408590514326,2.9068755261702036e-16
0.005,0.96,0.9600000000000489,0.09126645988102733,upper,1.3863452369379439,1.3862178760930766,0.8513854313626024,0.8462659140948567,7.70333854866696e-15
0.005,1.2800000000000002,1.2800000000000014,0.09080082786476976,lower,-1.619649795375332,-1.6243152403397565,0.10153653470068619,0.10598781313771832,1.6633902075774592e-16
0.005,1.2800000000000002,1.2800000000000014,0.09080082786476976,upper,1.6241598251440368,1.6243152403397565,0.8985043534963564,0.8940121868622817,1.4065344549176857e-16
0.005,1.5999999999999996,1.600000000000039,0.09033640581300423,lower,-1.8819542286120357,-1.8867962264113205,0.07210420060684779,0.0760008479974561,1.121834893951103e-14
0.005,1.5999999999999996,1.600000000000039,0.09033640581300423,upper,1.8864679616320907,1.8867962264113205,0.9279367421779915,0.9239991520025439,6.549504645155436e-17
0.005,1.92,1.9200000000000126,0.08987318969137023,lower,-2.159855797185223,-2.1648094604375694,0.05311247000104786,0.056542957916510206,5.48059605402152e-16
0.005,1.92,1.9200000000000126,0.08987318969137023,upper,2.164373330130608,2.1648094604375694,0.9469285281477449,0.9434570420834898,2.761183267842586e-16
0.005,2.24,2.24000000000005,0.08941117544638316,lower,-2.448053338456599,-2.4530796970339144,0.04038626668195974,0.043431058781244314,1.7780166903077033e-15
0.005,2.24,2.24000000000005,0.08941117544638316,upper,2.4525747680506154,2.4530796970339144,0.9596547882541705,0.9565689412187557,6.336847226799245e-14
0.005,2.5599999999999996,2.560000000000024,0.08895035900614444,lower,-2.743306466418865,-2.748381341808301,0.03154560940427332,0.03427132526019028,3.3825248018997424e-16
0.005,2.5599999999999996,2.560000000000024,0.08895035900614444,upper,2.7478318893433293,2.748381341808301,0.9684955027390747,0.9657286747398097,2.1504399908549794e-14
0.005,2.88,2.880000000000083,0.08849073628101478,lower,-3.0435639944012616,-3.0486718419665966,0.025203143531642064,0.02766316788260692,1.140916471440218e-16
0.005,2.88,2.880000000000083,0.08849073628101478,upper,3.048093507421516,3.0486718419665966,0.9748380264429752,0.9723368321173931,6.291407982293192e-15
0.005,3.2,3.200000000000014,0.08803230316429186,lower,-3.3474804402831926,-3.3526109228480423,0.020523246239733204,0.022760010982485146,1.3206900548525073e-16
0.005,3.2,3.200000000000014,0.08803230316429186,upper,3.352014140153037,3.3526109228480423,0.9795179820027935,0.9772399890175149,6.227898748566875e-16
0.01,-3.2,-3.1999999999999926,0.10231888213112189,lower,-3.354415361838238,-3.3526109228480423,0.9723846479020152,0.9772399890175149,4.407698901293089e-15
0.01,-3.2,-3.1999999999999926,0.10231888213112189,upper,3.3633158975620434,3.3526109228480423,0.02777364009253212,0.022760010982485146,5.30340642238625e-16
0.01,-2.8800000000000003,-2.879999999999987,0.10133113795365124,lower,-3.0503701103601037,-3.0486718419665966,0.9670459790201965,0.9723368321173932,7.135623455563428e-17
0.01,-2.8800000000000003,-2.879999999999987,0.10133113795365124,upper,3.059276396559396,3.0486718419665966,0.03311276624221107,0.02766316788260681,4.676141251068317e-16
0.01,-2.56,-2.559999999999992,0.10034856343647128,lower,-2.7499518107260537,-2.7483813418083014,0.9599201936100068,0.9657286747398097,1.868515748152962e-15
0.01,-2.56,-2.559999999999992,0.10034856343647128,upper,2.7588646152951046,2.7483813418083014,0.04023900984625361,0.03427132526019033,6.229708804919647e-16
0.01,-2.24,-2.2399999999999864,0.0993711310052334,lower,-2.454490189056119,-2.4530796970339144,0.9501399792646373,0.9565689412187557,1.9156792485012607e-16
0.01,-2.24,-2.2399999999999864,0.0993711310052334,upper,2.463410280616097,2.4530796970339144,0.05001968310207292,0.04343105878124437,1.496629473370824e-14
0.01,-1.9200000000000002,-1.9200000000000232,0.09839881253027284,lower,-2.166010420934769,-2.1648094604375694,0.9362800165682523,0.9434570420834898,1.747476383656602e-15
0.01,-1.9200000000000002,-1.9200000000000232,0.09839881253027284,upper,2.1749385687711067,2.1648094604375694,0.06388010594687968,0.056542957916510206,1.7207924996692448e-16
0.01,-1.6,-1.599999999999975,0.09743157935145845,lower,-1.8877085390798471,-1.886796226411321,0.9159213163956047,0.9239991520025439,3.965678905166132e-14
0.01,-1.6,-1.599999999999975,0.09743157935145845,upper,1.8966455130970934,1.886796226411321,0.08423926740816523,0.07600084799745604,1.6858022580429485e-16
0.01,-1.2800000000000002,-1.27999999999998,0.09646940230289959,lower,-1.6248084050553422,-1.6243152403397565,0.8848681223501342,0.8940121868622817,1.2019273923077795e-16
0.01,-1.2800000000000002,-1.27999999999998,0.09646940230289959,upper,1.6337549757025152,1.6243152403397565,0.11529292349992509,0.10598781313771832,4.34057979541618e-15
0.01,-0.96,-0.9599999999999743,0.09551225173746586,lower,-1.3860731470825773,-1.3862178760930766,0.8359248633387827,0.8462659140948567,9.275489056180917e-16
0.01,-0.96,-0.9599999999999743,0.09551225173746586,upper,1.3950300853473945,1.3862178760930766,0.1642366460413863,0.15373408590514326,8.321127962023681e-14
0.01,-0.6400000000000001,-0.6399999999999794,0.09456009755112213,lower,-1.1861285325509858,-1.1872657663724664,0.7580056813993387,0.7695268482116837,2.4801176856746867e-16
0.01,-0.6400000000000001,-0.6399999999999794,0.09456009755112213,upper,1.1950966098557447,1.1872657663724664,0.24215629273441724,0.2304731517883163,2.5807848669304256e-14
0.01,-0.3200000000000003,-0.32000000000000567,0.09361290920699698,lower,-1.0473330939492227,-1.0499523798725352,0.6399971966181004,0.6523878635518919,2.7666558553085717e-17
0.01,-0.3200000000000003,-0.32000000000000567,0.09361290920699698,upper,1.0563130821790612,1.0499523798725352,0.36016524306538134,0.34761213644810807,2.6987407199671265e-16
0.01,0.0,3.1944991986960437e-14,0.09267065575919937,lower,-0.9954805811833367,-1.0,0.48732515719596053,0.5,1.0532565532842037e-16
0.01,0.0,3.1944991986960437e-14,0.09267065575919937,upper,1.0044732526054754,1.0,0.5128377472573602,0.5,3.8250774953682415e-16
0.01,0.31999999999999984,0.32000000000002693,0.09173330587634694,lower,-1.0435541259954333,-1.049952379872535,0.3353195256407259,0.3476121364481082,1.7844766966080445e-14
0.01,0.31999999999999984,0.32000000000002693,0.09173330587634694,upper,1.0525602532471017,1.049952379872535,0.6648438421675629,0.6523878635518918,1.685616635512353e-16
0.01,0.6399999999999997,0.6400000000000007,0.09080082786476976,lower,-1.1794414383824683,-1.1872657663724662,0.21915352670670715,0.2304731517883165,2.70135660510279e-16
0.01,0.6399999999999997,0.6400000000000007,0.09080082786476976,upper,1.1884617944346567,1.1872657663724662,0.781010303660464,0.7695268482116835,6.456836769213921e-16
0.01,0.96,0.9600000000000063,0.08987318969137023,lower,-1.3774758150401125,-1.3862178760930766,0.14368947934346962,0.15373408590514326,8.823240237593316e-17
0.01,0.96,0.9600000000000063,0.08987318969137023,upper,1.3865111731859237,1.3862178760930766,0.8564748144793654,0.8462659140948567,3.755446298924244e-14
0.01,1.2800000000000002,1.2800000000000014,0.08895035900614448,lower,-1.6150166995982485,-1.6243152403397565,0.09721525703867025,0.10598781313771832,3.1716494377144796e-14
0.01,1.2800000000000002,1.2800000000000014,0.08895035900614448,upper,1.6240678334441652,1.6243152403397565,0.9029495012544104,0.8940121868622817,2.6264200029144713e-15
0.01,1.5999999999999996,1.5999999999999857,0.08803230316429185,lower,-1.877160702614994,-1.8867962264113205,0.06834965253031056,0.0760008479974561,7.050851487003557e-14
0.01,1.5999999999999996,1.5999999999999857,0.08803230316429185,upper,1.8862283860406501,1.8867962264113205,0.9318155712335014,0.9239991520025439,4.863846174953591e-16
0.01,1.92,1.9199999999999913,0.0871189892479502,lower,-2.1549660425411146,-2.1648094604375694,0.04983225503842882,0.056542957916510206,2.6008726103782015e-15
0.01,1.92,1.9199999999999913,0.0871189892479502,upper,2.1640510496983367,2.1648094604375694,0.9503334355537548,0.9434570420834898,9.300901364622434e-17
0.01,2.24,2.2399999999999864,0.08621038408750713,lower,-2.4431055094613305,-2.4530796970339144,0.037497179342764406,0.043431058781244314,6.103081796554431e-16
0.01,2.24,2.2399999999999864,0.08621038408750713,upper,2.452208614793241,2.4530796970339144,0.9626689784173633,0.9565689412187557,2.199851360233628e-16
0.01,2.5599999999999996,2.559999999999992,0.08530645428248397,lower,-2.7383239329016615,-2.748381341808301,0.028979160464844708,0.03427132526019028,2.581576184594579e-16
0.01,2.5599999999999996,2.559999999999992,0.08530645428248397,upper,2.7474459111196565,2.748381341808301,0.9711874652216907,0.9657286747398097,1.901487638186162e-16
0.01,2.88,2.8799999999999657,0.08440716622197689,lower,-3.038561538492243,-3.0486718419665966,0.022904670283392575,0.02766316788260692,2.0109330189511135e-16
0.01,2.88,2.8799999999999657,0.08440716622197689,upper,3.047703164585597,3.0486718419665966,0.9772624240518344,0.9723368321173931,3.0144589522234616e-16
0.01,3.2,3.1999999999999607,0.08351248610464486,lower,-3.3424676877663493,-3.3526109228480423,0.01844943179431446,0.022760010982485146,4.519135543162937e-16
0.01,3.2,3.1999999999999607,0.08351248610464486,upper,3.351629737010395,3.3526109228480423,0.9817181321273831,0.9772399890175149,9.97609782985405e-18
0.02,-3.2,-3.199999999999998,0.11248627447250832,lower,-3.35699462518632,-3.3526109228480423,0.9670085476571983,0.9772399890175149,2.434774730762665e-16
0.02,-3.2,-3.199999999999998,0.11248627447250832,upper,3.374767818899503,3.3526109228480423,0.03360668668341695,0.022760010982485146,4.175673654665841e-14
0.02,-2.8800000000000003,-2.880000000000003,0.1104100491839636,lower,-3.0527559063892107,-3.0486718419665966,0.9612643921195976,0.9723368321173932,6.093002976161083e-16
0.02,-2.8800000000000003,-2.880000000000003,0.1104100491839636,upper,3.0705230601141507,3.0486718419665966,0.03935439902101914,0.02766316788260681,5.995285388048663e-14
0.02,-2.56,-2.559999999999992,0.10835537795521528,lower,-2.7521212120222383,-2.7483813418083014,0.9536545321284923,0.9657286747398097,6.923010272139482e-17
0.02,-2.56,-2.559999999999992,0.10835537795521528,upper,2.769888389490709,2.7483813418083014,0.04696783956342326,0.03427132526019033,4.793826512459473e-16
0.02,-2.24,-2.2399999999999918,0.1063220860953586,lower,-2.45640953455877,-2.4530796970339144,0.9432924505183431,0.9565689412187557,3.639404358393776e-16
0.02,-2.24,-2.2399999999999918,0.1063220860953586,upper,2.4741828217210213,2.4530796970339144,0.057333523480944275,0.04343105878124437,3.8203121829568775e-17
0.02,-1.9200000000000002,-1.9199999999999913,0.10430998683792189,lower,-2.1676285352263043,-2.1648094604375694,0.9287303440099509,0.9434570420834898,1.02635893400695e-15
0.02,-1.9200000000000002,-1.9199999999999913,0.10430998683792189,upper,2.1854140373690396,2.1648094604375694,0.07189925106017045,0.056542957916510206,3.4670047435057046e-16
0.02,-1.6,-1.5999999999999963,0.10231888213112189,lower,-1.8889447450804917,-1.886796226411321,0.9075272626697573,0.9239991520025439,4.299605470916822e-17
0.02,-1.6,-1.5999999999999963,0.10231888213112189,upper,1.906748584181268,1.886796226411321,0.09310597116251387,0.07600084799745604,1.9585001312730768e-16
0.02,-1.2800000000000002,-1.27999999999998,0.10034856343647129,lower,-1.6255313009360788,-1.6243152403397565,0.8754788896795278,0.8940121868622817,3.0149677581526517e-16
0.02,-1.2800000000000002,-1.27999999999998,0.10034856343647129,upper,1.6433596132489035,1.6243152403397565,0.12515799859727736,0.10598781313771832,1.2823653569055784e-16
0.02,-0.96,-0.9600000000000116,0.09839881253027284,lower,-1.3860653410797255,-1.3862178760930766,0.8254280104100213,0.8462659140948567,1.750984580132218e-16
0.02,-0.96,-0.9600000000000116,0.09839881253027284,upper,1.4039242749663974,1.3862178760930766,0.17521254617960563,0.15373408590514326,1.4895764860016897e-16
0.02,-0.6400000000000001,-0.63999999999999,0.09646940230289959,lower,-1.1850426673659242,-1.1872657663724664,0.7464351167251607,0.7695268482116837,1.0801128610884078e-15
0.02,-0.6400000000000001,-0.63999999999999,0.09646940230289959,upper,1.2029383813824535,1.1872657663724664,0.2542091212744331,0.2304731517883163,5.083455552194166e-16
0.02,-0.3200000000000003,-0.3199999999999897,0.09456009755112213,lower,-1.0446987086712551,-1.0499523798725352,0.6276681881960883,0.6523878635518919,6.4627470195831904e-15
0.02,-0.3200000000000003,-0.3199999999999897,0.09456009755112213,upper,1.0626373699201939,1.0499523798725352,0.3729797431007077,0.34761213644810807,1.5131373058522423e-16
0.02,0.0,1.5972495993480218e-14,0.09267065575919937,lower,-0.9909137581484598,-1.0,0.4748131945835272,0.5,2.6122522016421853e-14
0.02,0.0,1.5972495993480218e-14,0.09267065575919937,upper,1.0089015408932556,1.0,0.5258384400563463,0.5,2.8958090431493707e-16
0.02,0.31999999999999984,0.32000000000000034,0.09080082786476976,lower,-1.0371172010172915,-1.049952379872535,0.3232865866971727,0.3476121364481082,6.64715756843489e-16
0.02,0.31999999999999984,0.32000000000000034,0.09080082786476976,upper,1.055160285572189,1.049952379872535,0.6773687605371871,0.6523878635518918,5.094380007821747e-16
0.02,0.6399999999999997,0.640000000000006,0.08895035900614444,lower,-1.1716192594199948,-1.1872657663724662,0.2081915548539833,0.2304731517883165,1.5362800429550412e-14
0.02,0.6399999999999997,0.640000000000006,0.08895035900614444,upper,1.189723831323363,1.1872657663724662,0.7924675146900729,0.7695268482116835,2.4730426587024267e-16
0.02,0.96,0.9599999999999956,0.0871189892479502,lower,-1.3687921536723404,-1.3862178760930766,0.1340883340668097,0.15373408590514326,4.161223086352587e-16
0.02,0.96,0.9599999999999956,0.0871189892479502,upper,1.3869644031151125,1.3862178760930766,0.866574466387826,0.8462659140948567,8.54650875143499e-17
0.02,1.2800000000000002,1.279999999999996,0.08530645428248393,lower,-1.605835845907687,-1.6243152403397565,0.08894982579429794,0.10598781313771832,4.719539925771607e-17
0.02,1.2800000000000002,1.279999999999996,0.08530645428248393,upper,1.6240819674548963,1.6243152403397565,0.9117167142353031,0.8940121868622817,5.3224226617909684e-17
0.02,1.5999999999999996,1.5999999999999803,0.08351248610464486,lower,-1.8676993884273745,-1.8867962264113205,0.061248260074895096,0.0760008479974561,1.4811788251314932e-16
0.02,1.5999999999999996,1.5999999999999803,0.08351248610464486,upper,1.8860255809989446,1.8867962264113205,0.939422028609166,0.9239991520025439,1.3007459846117098e-16
0.02,1.92,1.919999999999986,0.08173681365862041,lower,-2.1453485950215003,-2.1648094604375694,0.04369831953715301,0.056542957916510206,5.026607760167195e-16
0.02,1.92,1.919999999999986,0.08173681365862041,upper,2.163761062145383,2.1648094604375694,0.9569757264665897,0.9434570420834898,3.0074038943948165e-16
0.02,2.24,2.2400000000000078,0.07997916345493286,lower,-2.433403851607904,-2.4530796970339144,0.03215623721550584,0.043431058781244314,5.246713453013172e-15
0.02,2.24,2.2400000000000078,0.07997916345493286,upper,2.4519088019344353,2.4530796970339144,0.9685215739227684,0.9565689412187557,9.76072868423573e-15
0.02,2.5599999999999996,2.5600000000000107,0.07823926015679208,lower,-2.7285805003940524,-2.748381341808301,0.024288872066991415,0.03427132526019028,4.1260054775633363e-14
0.02,2.5599999999999996,2.5600000000000107,0.07823926015679208,upper,2.7471841484715402,2.748381341808301,0.9763927134599556,0.9657286747398097,1.6707455842039076e-14
0.02,2.88,2.8799999999999844,0.07651682713503835,lower,-3.0288017747258396,-3.0486718419665966,0.01875214626204665,0.02766316788260692,1.5448265479534408e-16
0.02,2.88,2.8799999999999844,0.07651682713503835,upper,3.0475103420182625,3.0486718419665966,0.9819332228169458,0.9723368321173931,5.704201690663039e-15
0.02,3.2,3.2000000000000193,0.07481158699125667,lower,-3.3327069106722695,-3.3526109228480423,0.014745652828677926,0.022760010982485146,1.6113443198526484e-17
0.02,3.2,3.2000000000000193,0.07481158699125667,upper,3.351526626830991,3.3526109228480423,0.985943508278636,0.9772399890175149,2.2665191521863053e-15
