qbar,b,omega_minus,omega_plus,residue_minus,residue_plus,reconstructed_zero,reconstructed_bright_pole,reconstructed_coupling_product,zero_field_charge,zero_field_axial,dark_zero_error
0.07228311149217562,0.006,0.10909930208910756,0.12834446829958063,4.5768273674238815e-05,0.045617304263732346,0.10911859159340682,0.12832517879528138,3.7085763138079754e-07,0.12831293947599087,0.10912637453782599,-7.782944419165716e-06
0.07325394693346247,0.006,0.11056330725901986,0.12884574090311282,5.187914868263826e-05,0.04540382713046211,0.11058417322219459,0.1288248749399381,3.810451987428671e-07,0.1288125560122411,0.11059205233992134,-7.87911772674732e-06
0.07422478237474932,0.006,0.11202713670768216,0.12935270159808873,5.906865842401645e-05,0.045188085960920055,0.11204975465754274,0.12933008364822815,3.913571863415735e-07,0.1293176843365327,0.11205773014201667,-7.975484473926597e-06
0.07519561781603618,0.006,0.11349076134833393,0.1298653377083699,6.759105977126366e-05,0.04496987791719311,0.1135153358858162,0.1298407631708876,4.0179373262347066e-07,0.1298282826955282,0.11352340794411202,-8.072058295824358e-06
0.07616645325732302,0.006,0.11495414533317207,0.13038364307098063,7.777834045597853e-05,0.044748922297688065,0.11498091689367133,0.13035687151048136,4.123550157094775e-07,0.13034430908781336,0.11498908574620735,-8.168852536016846e-06
0.07713728869860988,0.006,0.11641724397399235,0.13090762012825663,9.007017086095132e-05,0.04452483062264009,0.11644649766800136,0.1308783664342476,4.2304125147912815e-07,0.13086572127670135,0.1164547635483027,-8.265880301339124e-06
0.07810812413989672,0.006,0.1178800008481786,0.13143728283471423,0.00010505809812241939,0.044297062315447076,0.11791207819601578,0.13140520548687706,4.3385269376458537e-07,0.1313924768030958,0.11792044135039803,-8.363154382254323e-06
0.07907895958118358,0.006,0.11934234369338474,0.1319726607752943,0.0001235522129074605,0.0440648580615756,0.119377658465188,0.13193734600349105,4.447896324428711e-07,0.1319245329984152,0.11938611915249338,-8.460687305381076e-06
0.08004979502247044,0.006,0.12080417845824157,0.13251380512758662,0.00014668423807776744,0.04382713669826991,0.12084323846325352,0.13247474512257468,4.5585239240122446e-07,0.13246184699756275,0.12085179695458872,-8.55849133520048e-06
0.08102063046375728,0.006,0.12226538047076332,0.13306079750649144,0.00017607144687295187,0.04358233125800878,0.1223088181782568,0.13301735979899798,4.6704133303573404e-07,0.13300437575193058,0.12231747475668406,-8.656578427260198e-06
0.08199146590504414,0.006,0.12372578096469453,0.13361376345079262,0.00021408568091188342,0.04332811992576625,0.12377439759846137,0.13356514681702575,4.783568461407978e-07,0.1335520760424278,0.1237831525587794,-8.754960318033134e-06
0.08296230134633098,0.006,0.12518514587055632,0.13417289364526175,0.000264311104743688,0.04306096823976486,0.12523997671249043,0.1341180628033276,4.897993563513321e-07,0.1341049044925178,0.12524883036087475,-8.853648384321566e-06
0.08393313678761784,0.006,0.12664314120293138,0.1347384785463055,0.0003323561957432446,0.04277531709815349,0.12670555550918164,0.13467606424005527,5.013693185238011e-07,0.13466281758125645,0.12671450816297009,-8.952653788446563e-06
0.08490397222890468,0.006,0.12809927414653335,0.1353109673089789,0.00042736533497468473,0.04246207115144213,0.128171133977685,0.13523910747782728,5.130672176377372e-07,0.1352257716563157,0.12818018596506542,-9.051987380409576e-06
0.08587480767019154,0.006,0.12955278769645576,0.13589107315970764,0.0005649960803749512,0.04210562147772536,0.12963671210739636,0.13580714874876704,5.24893567125056e-07,0.13579372294698358,0.12964586376716078,-9.15165976442256e-06
0.08684564311147838,0.006,0.13100246085826137,0.13647997320913868,0.0007736848957516898,0.04167757985530867,0.13110228988802097,0.13638014417937905,5.36848908301603e-07,0.13636662757712856,0.1311115415692561,-9.25168123513953e-06
0.08781647855276524,0.006,0.13244620233466303,0.13707971477841943,0.0011088964212373144,0.04112252941384693,0.13256786730962042,0.13695804980346207,5.48933809302978e-07,0.13694444157811458,0.13257721937135145,-9.352061731027206e-06
0.0887873139940521,0.006,0.13388015300267614,0.13769411293486314,0.0016885195821693122,0.04032262861818859,0.13403344436239795,0.13754082157514136,5.611488629640782e-07,0.1375271209016596,0.1340428971734468,-9.452811048860088e-06
0.08975814943533894,0.006,0.13529650914592173,0.13833092727244073,0.002789025280527769,0.039001453445781126,0.1354990210367756,0.13812841538158685,5.73494686505435e-07,0.13811462143262063,0.13550857497554214,-9.55393876653221e-06
0.0907289848766258,0.006,0.1366777790963277,0.13900760528276654,0.005117497593722927,0.03645196624160153,0.13696459732304636,0.13872078705604787,5.859719201790609e-07,0.1387068990017019,0.1369742527776375,-9.655454591139812e-06
0.09169982031791266,0.006,0.13798207284495806,0.13976599275691196,0.01038618421453372,0.03096196524305625,0.13843017320912385,0.1393178923927462,5.985812258236293e-07,0.13930390939805934,0.13843993057973283,-9.75737060898707e-06
0.0926706557591995,0.006,0.13912575464709956,0.14068968119279618,0.020248535169931286,0.020878045423645443,0.13989574868031793,0.13991968715957784,6.113232973863216e-07,0.13990560838182814,0.13990560838182817,-9.859701510239738e-06
0.09364149120048634,0.006,0.14005008834323493,0.14183736248660367,0.030009846961911824,0.010894954537513993,0.14136132373750107,0.1405261270923375,6.241988568655052e-07,0.14051195169650335,0.1413712861839235,-9.96244642242905e-06
0.0946123266417732,0.006,0.14081970537130767,0.14314436093282978,0.035127073115556906,0.005555783734042504,0.1428268983808831,0.14113716792325434,6.372086150693434e-07,0.1411228950812219,0.14283696398601886,-1.006560513575061e-05
0.09558316208306006,0.006,0.14151833130901062,0.1445269066940949,0.03730800637357191,0.003152784182265916,0.14429247259740668,0.14175276540569887,6.503533070306223e-07,0.14173839428290763,0.1443026417881142,-1.0169190707509657e-05
0.0965539975243469,0.006,0.1421870361092984,0.1459438855776216,0.03824816974214971,0.001990475745561753,0.1457580463761329,0.1423728753107871,6.636336964965031e-07,0.14235840506826133,0.14576831959020953,-1.0273214076622628e-05
0.09752483296563376,0.006,0.14284290104304412,0.14737817210446982,0.03865278794769966,0.0013636760120966187,0.14722361970920983,0.1429974534383041,6.770505628160752e-07,0.14298288323561018,0.1472339973923049,-1.0377683095058599e-05
0.09849566840692062,0.006,0.14349353601035897,0.14882211220985903,0.038801631910056186,0.00099265571485025,0.14868919258917612,0.14362645563104187,6.90604701655006e-07,0.143611784626609,0.14869967519440022,-1.0482605224099162e-05
0.09946650384820746,0.006,0.14414269071054486,0.1502719120847476,0.038815819621437944,0.00075633791684429,0.15015476500926764,0.14425983778602483,7.042969216636496e-07,0.14424506513774035,0.15016535299649555,-1.0587987227916873e-05
0.1004373392894943,0.006,0.1447923811890606,0.15172551164020595,0.038753178007244565,0.0005969360569721841,0.1516203369627647,0.14489755586650185,7.18128046082486e-07,0.14488268073166607,0.1516310307985909,-1.06938358261921e-05
0.10140817473078116,0.006,0.14544376828345784,0.1531817060726357,0.038643779899631914,0.0004844169861852829,0.15308590844326728,0.14553956591282627,7.320989106109962e-07,0.1455245874483828,0.15309670860068625,-1.0800157418972e-05
0.10237901017206802,0.006,0.14609755611753464,0.15463974738057829,0.038504418007218134,0.000402027008349373,0.15455147944458833,0.14618582405352457,7.462103630963643e-07,0.14617074141618647,0.1545623864027816,-1.0906958193279692e-05
0.10334984561335486,0.006,0.14675418842361806,0.15609914805319947,0.03834503906822175,0.00033985767261170754,0.15601704996071553,0.14683628651610203,7.604632631385565e-07,0.14682109886243933,0.15602806420487692,-1.1014244161389186e-05
0.10432068105464172,0.006,0.14741395223856543,0.15755957738483836,0.03817183257022169,0.0002917570645114025,0.15748261998594712,0.14749090963745667,7.748584801386354e-07,0.14747561612413052,0.15749374200697228,-1.1122021025156137e-05
0.10529151649592858,0.006,0.14807703597094857,0.15902080341818767,0.03798881415928276,0.0002537464005974684,0.1589481895147759,0.14814964987436036,7.89396893405904e-07,0.14813424965822475,0.15895941980906764,-1.1230294291730836e-05
0.10626235193721542,0.006,0.14874356356016855,0.16048265879529103,0.03779868407590483,0.00022316155943376555,0.16041375854189102,0.14881246381356858,8.040793914681576e-07,0.14879695605179377,0.16042509761116297,-1.1339069271948388e-05
0.10723318737850226,0.006,0.1494136154322363,0.1619450198116753,0.037603315447904954,0.00019816479413358387,0.1618793270622603,0.1494793081816513,8.189068703909217e-07,0.14946369203192483,0.1618907754132583,-1.1448350998005674e-05
0.10820402281978912,0.006,0.1500872418276119,0.16340779309821252,0.037404043719537865,0.00017745527935456574,0.1633448950709957,0.15015013985482872,8.338802345334867e-07,0.1501344144754078,0.16335645321535364,-1.1558144357937117e-05
0.10917485826107598,0.006,0.15076447154691602,0.1648709068848084,0.03720184454969789,0.00016009124890316577,0.1648104625635348,0.1508249158681896,8.490003936147681e-07,0.15080908041816815,0.164822131017449,-1.1668453914204235e-05
0.11014569370236282,0.006,0.1514453178492553,0.16633430511133449,0.03699744653979528,0.00014537721110931138,0.16627602953544077,0.15150359342514905,8.642682644261534e-07,0.15148764706449594,0.16628780881954433,-1.1779284103563548e-05
0.11111652914364968,0.006,0.15212978252734052,0.1677979433614195,0.03679140479362508,0.00013279041727207072,0.167741595982603,0.15218612990615707,8.796847667764884e-07,0.1521700717960085,0.16775348662163966,-1.1890639036671313e-05
0.11208736458493654,0.006,0.15281785878415552,0.16926178599464112,0.03658415004177706,0.00012193172737394579,0.16920716190095017,0.15287248287784647,8.952508289811209e-07,0.15285631218038084,0.16921916442373502,-1.2002522784854142e-05
0.11305820002622338,0.006,0.15350953330304243,0.17072580408474555,0.036376022200698147,0.00011249204451184428,0.17067272728676774,0.15356261010102024,9.109673797281175e-07,0.15354632597982676,0.17068484222583036,-1.2114939062612962e-05
