b,qbar,residue_asymmetry,minimum_gap_over_local_split,circle_sum
0.0025,0.07598993772254359,0.9994101506423249,0.04193237482669032,1.0005789732655206
0.0025,0.07703248259983458,0.9993059719745145,0.04485913921461003,1.000624767995005
0.0025,0.07807502747712558,0.9991764788674566,0.04820263418525337,1.0006771298643664
0.0025,0.07911757235441658,0.9990132479520903,0.05205853252635038,1.0007375603925819
0.0025,0.08016011723170756,0.9988041252250839,0.05655416905669756,1.0008080546043385
0.0025,0.08120266210899856,0.9985310792284459,0.0618627901130838,1.0008913209857002
0.0025,0.08224520698628955,0.9981664742406041,0.06822623825800611,1.0009911298847567
0.0025,0.08328775186358055,0.9976662890620794,0.07599251484171367,1.0011128866428687
0.0025,0.08433029674087154,0.9969570663174326,0.08568094945578207,1.001264617179906
0.0025,0.08537284161816254,0.9959090270115267,0.09810180743294745,1.001458754704657
0.0025,0.08641538649545352,0.9942758047247714,0.11459151329210607,1.0017155907796667
0.0025,0.08745793137274452,0.9915439901248655,0.13751723283953943,1.0020704736805834
0.0025,0.08850047625003551,0.9864999678127019,0.1714878743980012,1.0025902775600064
0.0025,0.08954302112732651,0.9757095197031672,0.22672906051752395,1.0034151337225443
0.0025,0.09058556600461751,0.9463536768775439,0.33057956539395605,1.0048681307957037
0.0025,0.0916281108819085,0.8226071538416252,0.575091835950602,1.0074131493284533
0.0025,0.0926706557591995,0.006378078688393417,0.999998806974177,1.0000382938375325
0.0025,0.09371320063649048,-0.812504008741712,0.5764822362675326,0.9924945329533672
0.0025,0.09475574551378148,-0.9399987446970484,0.3336786883352605,0.9949391070811666
0.0025,0.09579829039107247,-0.971240904385588,0.23033271172308997,0.9963620524414469
0.0025,0.09684083526836347,-0.9830811875449402,0.17528949966007965,0.997175029995851
0.0025,0.09788338014565447,-0.9887825841284642,0.141414489517815,0.9976890565213475
0.0025,0.09892592502294545,-0.9919619948240577,0.11854162002125676,0.9980407148525878
0.0025,0.09996846990023645,-0.9939187322979002,0.10208389822572511,0.9982955686896252
0.0025,0.10101101477752744,-0.995211152252346,0.08968366256493654,0.9984883968985037
0.0025,0.10205355965481844,-0.9961113147479596,0.08000913166400317,0.9986392125185364
0.0025,0.10309610453210943,-0.9967647029121739,0.07225252138756247,0.9987602998184545
0.0025,0.10413864940940043,-0.9972548954656982,0.0658959239623908,0.9988595993251579
0.0025,0.10518119428669143,-0.9976327230056762,0.06059219963359737,0.998942464668158
0.0025,0.10622373916398242,-0.9979305674434206,0.056100052390733936,0.9990126333161904
0.0025,0.10726628404127342,-0.9981698679837826,0.05224659608630648,0.9990727921533676
0.0025,0.1083088289185644,-0.9983652877539216,0.048904741072665826,0.9991249214913552
0.0025,0.1093513737958554,-0.9985271380356103,0.04597898614361962,0.999170512560382
0.005,0.07598993772254359,0.9976483001261716,0.0836582130877851,1.002300827361681
0.005,0.07703248259983458,0.9972348724707529,0.08946460834208442,1.0024813070175616
0.005,0.07807502747712558,0.9967216225575302,0.09608957483936163,1.002687199266525
0.005,0.07911757235441658,0.9960756385758529,0.10371820810396444,1.0029241444565904
0.005,0.08016011723170756,0.995249617692934,0.11259553692097887,1.0031995564524547
0.005,0.08120266210899856,0.994173727195157,0.12305268715311346,1.0035233636607124
0.005,0.08224520698628955,0.9927416136718721,0.13554789668905756,1.00390914381266
0.005,0.08328775186358055,0.9907852670216434,0.15073308549241554,1.004375908409213
0.005,0.08433029674087154,0.9880274543589989,0.16956631478596082,1.0049509856772152
0.005,0.08537284161816254,0.9839859672260449,0.1935107501077642,1.0056747941050448
0.005,0.08641538649545352,0.9777659238091189,0.22490585307233452,1.0066088445084942
0.005,0.08745793137274452,0.9675661386034171,0.2677022816913012,1.0078487441946558
0.005,0.08850047625003551,0.9493657429428769,0.32900710983003084,1.0095409921921905
0.005,0.08954302112732651,0.9129144018462175,0.4224426800326145,1.0118705230113751
0.005,0.09058556600461751,0.8275393204299415,0.5743756743652875,1.0147287421602282
0.005,0.0916281108819085,0.5911811145657466,0.8157785309429885,1.0149897217666988
0.005,0.0926706557591995,0.012755770951330412,0.9999952283155346,1.000153166346401
0.005,0.09371320063649048,-0.5664626689740767,0.8149821632286965,0.9850758817221601
0.005,0.09475574551378148,-0.8073324182738337,0.5771563828557773,0.9848951238670409
0.005,0.09579829039107247,-0.8970780679968733,0.4274785654773468,0.987486984023573
0.005,0.09684083526836347,-0.9366517220522692,0.33520417545666426,0.9896782876670634
0.005,0.09788338014565447,-0.9570403832368929,0.2745328383446773,0.9912945744758035
0.005,0.09892592502294545,-0.9688209762409827,0.23211045315993303,0.9924893464706404
0.005,0.09996846990023645,-0.976223911057258,0.20095167408347547,0.9933946998368806
0.005,0.10101101477752744,-0.9811787964999746,0.17716485161464582,0.9940992153487781
0.005,0.10205355965481844,-0.9846608868876086,0.1584413371345647,0.9946607194792807
0.005,0.10309610453210943,-0.9872044378430564,0.1433351568396775,0.9951175692832801
0.005,0.10413864940940043,-0.9891215716860965,0.1308983968373583,0.9954958738693642
0.005,0.10518119428669143,-0.9906044382967408,0.12048541780640275,0.9958138890771848
0.005,0.10622373916398242,-0.9917765689222601,0.1116420287551869,0.9960847052477845
0.005,0.10726628404127342,-0.9927203257008462,0.10403980250680463,0.9963179255652491
0.005,0.1083088289185644,-0.9934923508890433,0.0974355639263512,0.996520740392684
0.005,0.1093513737958554,-0.9941326523423989,0.09164552385831792,0.9966986324965985
0.01,0.07598993772254359,0.9907465415061557,0.16569406853142785,1.0090332338529062
0.01,0.07703248259983458,0.9891443309269609,0.17694197412970478,1.009714969613862
0.01,0.07807502747712558,0.9871646970381616,0.1897141406639148,1.010485594246293
0.01,0.07911757235441658,0.984687632565946,0.20433472360687216,1.0113624129998244
0.01,0.08016011723170756,0.9815432512897743,0.22122371797988932,1.0123670875493465
0.01,0.08120266210899856,0.977485471982576,0.240933567411101,1.0135268318424389
0.01,0.08224520698628955,0.9721484882377598,0.2642027747730667,1.0148757893807496
0.01,0.08328775186358055,0.9649723459533517,0.2920353845907527,1.016456294307784
0.01,0.08433029674087154,0.9550710331272441,0.32581948069198424,1.0183190123171357
0.01,0.08537284161816254,0.9409895195086236,0.3675019324586345,1.0205189461859012
0.01,0.08641538649545352,0.920238676244175,0.41983251465133004,1.0230985616140909
0.01,0.08745793137274452,0.8883756129140394,0.48664329607391954,1.0260329272340838
0.01,0.08850047625003551,0.8371678971132201,0.572901689909898,1.029066434258588
0.01,0.08954302112732651,0.7511633532076647,0.6833872419046705,1.0312645056002554
0.01,0.09058556600461751,0.6032842271333672,0.8161355686544853,1.0300291251308842
0.01,0.0916281108819085,0.3599179428825875,0.9438890367508024,1.020467439307191
0.01,0.0926706557591995,0.025508434470963744,0.9999809199037876,1.0006125204007847
0.01,0.09371320063649048,-0.3088172539987839,0.9408286367242072,0.9805266200476798
0.01,0.09475574551378148,-0.5538512801072559,0.8145436251416698,0.9702325577353792
0.01,0.09579829039107247,-0.7058092572489257,0.6854834433608488,0.9680542587401262
0.01,0.09684083526836347,-0.7967494241636303,0.5784623697534763,0.969428358125884
0.01,0.09788338014565447,-0.852635104117724,0.4948289251118386,0.9718422859011797
0.01,0.09892592502294545,-0.8885478377159693,0.4298996702947395,0.9743309864292503
0.01,0.09996846990023645,-0.9126968436684535,0.3789129967123583,0.9765905875198971
0.01,0.10101101477752744,-0.9296103186928889,0.33820418029750604,0.9785574121910025
0.01,0.10205355965481844,-0.9418794758935214,0.3051393454109475,0.9802469672272761
0.01,0.10309610453210943,-0.9510500541686712,0.277848838227833,0.9816961824387889
0.01,0.10413864940940043,-0.9580817724198191,0.2549959710563811,0.9829436278980888
0.01,0.10518119428669143,-0.9635926188432039,0.23561135512212494,0.9840234457515882
0.01,0.10622373916398242,-0.9679936847138516,0.21898027796668967,0.9849641357842682
0.01,0.10726628404127342,-0.971566424202407,0.20456694449436796,0.9857889514172133
0.01,0.1083088289185644,-0.974508512243011,0.19196323298843654,0.9865167232534595
0.01,0.1093513737958554,-0.976961958971747,0.1808536092258152,0.9871626972479173
