b,s_lower,s_upper,gap_s,gap_s_over_b,analytic_gap_s_over_b
0.0002,1.1018482303326536,1.10241527039531,0.0005670400626565097,2.8352003132825487,2.8351908329854534
0.0002517499585288906,1.1017747106203912,1.1024884735766132,0.0007137629562219416,2.8352058542247223,2.8351908329854534
0.00031689020809649057,1.1016821154513983,1.102580567206704,0.0008984517553056737,2.83521463380813,2.8351908329854534
0.00039888548373251495,1.1015654782283242,1.102696409738126,0.0011309315098018136,2.8352285453440937,2.8351908329854534
0.0005020970199371854,1.1014185289374885,1.1028420998090454,0.0014235708715568673,2.8352505890892608,2.8351908329854534
0.0006320145197333292,1.1012333458911228,1.1030252875076094,0.0017919416164866586,2.83528552040663,2.8351908329854534
0.0007955481456626114,1.10099991062479,1.1032555608023502,0.002255650177560131,2.8353408776805105,2.8351908329854534
0.001001396063391491,1.1007055366393164,1.1035449236918213,0.0028393870525049714,2.835428614417198,2.8351908329854534
0.0012605070871490106,1.1003341322699611,1.103908385444277,0.0035742531743159223,2.835567693950929,2.8351908329854534
0.00158666303457568,1.0998652428463012,1.1043646831919396,0.004499440345638428,2.8357882219407156,2.8351908329854534
0.0019972117657687553,1.0992727946446768,1.1049371629244469,0.005664368279770127,2.836138048480718,2.8351908329854534
0.0025139898960284796,1.0985234279016287,1.105654846361508,0.007131418459879191,2.836693365850506,2.8351908329854534
0.0031644842603360977,1.0975742489700686,1.106553713080529,0.008979464110460356,2.8375758486176363,2.8351908329854534
0.003983293906524697,1.096369734113375,1.1076782286458744,0.011308494532499491,2.8389807023719746,2.8351908329854534
0.005013970378879875,1.0948373408649588,1.109083150883156,0.014245810018197247,2.841223410135058,2.8351908329854534
0.00631133417474047,1.0928810406340916,1.1108356494645688,0.01795460883047717,2.8448198642904985,2.8351908329854534
0.007944390583764414,1.0903712658645257,1.1130177819408404,0.022646516076314738,2.8506297415180444,2.8351908329854534
0.01,1.0871280869161692,1.1157293879673806,0.028601301051211392,2.860130105121139,2.8351908329854534
