qbar,b,branch,s,omega_bar
0.075,0.0,lower,1.1021320211510943,0.08265990158633207
0.075,0.0,upper,1.2604531149147713,0.09453398361860785
0.075,0.01,lower,1.0997387391458573,0.08248040543593929
0.075,0.01,upper,1.261855863700615,0.09463918977754612
0.07649056603773585,0.0,lower,1.1021320211510943,0.08430270214616106
0.07649056603773585,0.0,upper,1.249642678405749,0.09558587581616805
0.07649056603773585,0.01,lower,1.0996448940332717,0.08411246038511101
0.07649056603773585,0.01,upper,1.2511252572139338,0.09569927910840165
0.07798113207547169,0.0,lower,1.1021320211510943,0.08594550270599005
0.07798113207547169,0.0,upper,1.239403825158901,0.09665011338456109
0.07798113207547169,0.01,lower,1.0995431194808494,0.08574361722291227
0.07798113207547169,0.01,upper,1.2409740104034934,0.09677255820750261
0.07947169811320755,0.0,lower,1.1021320211510943,0.08758830326581904
0.07947169811320755,0.0,upper,1.22970038746005,0.09772637796191945
0.07947169811320755,0.01,lower,1.0994324653654248,0.08737376498338055
0.07947169811320755,0.01,upper,1.231366898072621,0.09785881839022413
0.08096226415094339,0.0,lower,1.1021320211510943,0.08923110382564803
0.08096226415094339,0.0,upper,1.2204989229605299,0.09881435619667232
0.08096226415094339,0.01,lower,1.099311829035678,0.08900277468664328
0.08096226415094339,0.01,upper,1.222271573488278,0.09895787399694718
0.08245283018867924,0.0,lower,1.1021320211510943,0.09087390438547702
0.08245283018867924,0.0,upper,1.2117684701565927,0.09991373989781717
0.08245283018867924,0.01,lower,1.099179925341333,0.09063049573097406
0.08245283018867924,0.01,upper,1.2136583537778842,0.10006956615111988
0.08394339622641508,0.0,lower,1.1021320211510945,0.09251670494530602
0.08394339622641508,0.0,upper,1.2034803297085757,0.10102422616742363
0.08394339622641508,0.01,lower,1.0990352498866502,0.09225675144803219
0.08394339622641508,0.01,upper,1.205500037948758,0.101193767336491
0.08543396226415094,0.0,lower,1.1021320211510945,0.09415950550513502
0.08543396226415094,0.0,upper,1.1956078684515425,0.10214551751601103
0.08543396226415094,0.01,lower,1.0988760338734869,0.09388133361092732
0.08543396226415094,0.01,upper,1.1977717560134487,0.10233038700431878
0.0869245283018868,0.0,lower,1.1021320211510945,0.09580230606496401
0.0869245283018868,0.0,upper,1.1881263433813896,0.10327732196147286
0.0869245283018868,0.01,lower,1.0987001885458634,0.09550399563454326
0.0869245283018868,0.01,upper,1.1904508484932674,0.10347937847185817
0.08841509433962264,0.0,lower,1.1021320211510948,0.09744510662479301
0.08841509433962264,0.0,upper,1.1810127432668631,0.10441935311223623
0.08841509433962264,0.01,lower,1.0985052368659485,0.09712444415007235
0.08841509433962264,0.01,upper,1.1835167763197718,0.10464074743083869
0.08990566037735849,0.0,lower,1.1021320211510948,0.09908790718462201
0.08990566037735849,0.0,upper,1.1742456458497166,0.1055713302353566
0.08990566037735849,0.01,lower,1.0982882297072958,0.09874232857651442
0.08990566037735849,0.01,upper,1.1769510618112238,0.10581456244397135
0.09139622641509433,0.0,lower,1.102132021151095,0.10073070774445102
0.09139622641509433,0.0,upper,1.167805088861506,0.10673297831028555
0.09139622641509433,0.01,lower,1.0980456436605255,0.10035722826210537
0.09139622641509433,0.01,upper,1.170737261854203,0.10700096785701431
0.09288679245283019,0.0,lower,1.1021320211510954,0.10237350830428005
0.09288679245283019,0.0,upper,1.1616724533123595,0.1079040280689952
0.09288679245283019,0.01,lower,1.097773257777781,0.10196863675547199
0.09288679245283019,0.01,upper,1.1648609744234277,0.10820019956767046
0.09437735849056603,0.0,lower,1.1021320211510959,0.10401630886410908
0.09437735849056603,0.0,upper,1.1558303577034523,0.10908421602325788
0.09437735849056603,0.01,lower,1.0974660076747484,0.10357594283753002
0.09437735849056603,0.01,upper,1.1593098786669722,0.10941260402060744
0.09586792452830188,0.0,lower,1.1021320211510968,0.10565910942393816
0.09586792452830188,0.0,upper,1.1502625619805076,0.11027328447967846
0.09586792452830188,0.01,lower,1.0971178182217032,0.10517840819593346
0.09586792452830188,0.01,upper,1.1540738061481728,0.11063866054790313
0.09735849056603774,0.0,lower,1.1021320211510979,0.10730190998376726
0.09735849056603774,0.0,upper,1.144953880194047,0.11147098154342043
0.09735849056603774,0.01,lower,1.0967214219262615,0.10677514221017943
0.09735849056603774,0.01,upper,1.1491448351020312,0.11187900658729209
0.09884905660377358,0.0,lower,1.1021320211510999,0.10894471054359645
0.09884905660377358,0.0,upper,1.1398901009511833,0.11267706111100469
0.09884905660377358,0.01,lower,1.096268181137766,0.10836507549020293
0.09884905660377358,0.01,upper,1.1445173886637954,0.11313446413603064
0.10033962264150943,0.0,lower,1.1021320211511034,0.11058751110342581
0.10033962264150943,0.0,upper,1.1350579148596185,0.11389128285327266
0.10033962264150943,0.01,lower,1.0957479510577801,0.1099469359193448
0.10033962264150943,0.01,upper,1.1401882992859667,0.11440606369061831
0.10183018867924529,0.0,lower,1.1021320211511103,0.11223031166325552
0.10183018867924529,0.0,upper,1.1304448482509792,0.11511341218887802
0.10183018867924529,0.01,lower,1.0951490495110874,0.11151923434361016
0.10183018867924529,0.01,upper,1.1361567726732047,0.11569505853051483
0.10332075471698113,0.0,lower,1.1021320211511245,0.11387311222308599
0.10332075471698113,0.0,upper,1.1260392025576147,0.11634322024916034
0.10332075471698113,0.01,lower,1.0944584375283095,0.11308027177179288
0.10332075471698113,0.01,upper,1.1324241465619698,0.11700291748251597
0.10481132075471697,0.0,lower,1.1021320211511592,0.11551591278291864
0.10481132075471697,0.0,upper,1.1218299987857492,0.1175804838349969
0.10481132075471697,0.01,lower,1.0936622513276968,0.1146281850212331
0.10481132075471697,0.01,upper,1.1289933031967223,0.11833127923127909
0.10630188679245282,0.0,lower,1.1021320211510466,0.11715871334273577
0.10630188679245282,0.0,upper,1.1178069265907788,0.1188249853662726
0.10630188679245282,0.01,lower,1.0927468323022747,0.11616105006020783
0.10630188679245282,0.01,upper,1.125867588404834,0.11968184892590253
0.10779245283018868,0.0,lower,1.1021320211510943,0.11880151390256985
0.10779245283018868,0.0,upper,1.113960297515031,0.12007651282459192
0.10779245283018868,0.01,lower,1.0917003270658125,0.11767705600994315
0.10779245283018868,0.01,upper,1.1230491647748604,0.12105622411997694
0.10928301886792452,0.0,lower,1.102132021151094,0.1204443144623988
0.10928301886792452,0.0,upper,1.110281001995952,0.12133485968982176
0.10928301886792452,0.01,lower,1.09051472763889,0.11917474155631039
0.10928301886792452,0.01,upper,1.1205369284669575,0.1224556582958607
0.11077358490566037,0.0,lower,1.1021320211510943,0.12208711502222783
0.11077358490566037,0.0,upper,1.1067604697946964,0.12259982487103137
0.11077358490566037,0.01,lower,1.089187916478133,0.1206532501442098
0.11077358490566037,0.01,upper,1.1183244245996575,0.12388080560046395
0.11226415094339623,0.0,lower,1.102132021151094,0.12372991558205679
0.11226415094339623,0.0,upper,1.1033906335325339,0.12387121263242598
0.11226415094339623,0.01,lower,1.0877250364484974,0.12211252767676528
0.11226415094339623,0.01,upper,1.1163984408020295,0.12533152307117124
0.11375471698113207,0.0,lower,1.1001638950533088,0.12514883251464903
0.11375471698113207,0.0,upper,1.1021320211511934,0.12537271614189707
0.11375471698113207,0.01,lower,1.086138569339509,0.12355338555750753
0.11375471698113207,0.01,upper,1.1147388950503894,0.12680680751431692
0.11524528301886791,0.0,lower,1.0970730943625355,0.1264324992521956
0.11524528301886791,0.0,upper,1.102132021151094,0.12701551670171476
0.11524528301886791,0.01,lower,1.084446967470669,0.12497739768511028
0.11524528301886791,0.01,upper,1.1133201729894233,0.12830489842678108
0.11673584905660377,0.0,lower,1.0941114809150951,0.12772203268720175
0.11673584905660377,0.0,upper,1.102132021151165,0.12865831726155202
0.11673584905660377,0.01,lower,1.0826722863821725,0.12638666860087738
0.11673584905660377,0.01,upper,1.1121134665196406,0.12982350976145313
0.11822641509433962,0.0,lower,1.091272687048408,0.12901725768010044
0.11822641509433962,0.0,upper,1.1021320211511063,0.13030111782137418
0.11822641509433962,0.01,lower,1.0808376006550249,0.12778355482461104
0.11822641509433962,0.01,upper,1.111089331400069,0.13136010850099683
0.11971698113207546,0.0,lower,1.0885507033788733,0.13031800401771604
0.11971698113207546,0.0,upper,1.1021320211510974,0.13194391838120212
0.11971698113207546,0.01,lower,1.078964879045831,0.12917041806690183
0.11971698113207546,0.01,upper,1.1102197874989237,0.13291216135246547
0.12120754716981132,0.0,lower,1.0859398559940605,0.1316241063189782
0.12120754716981132,0.0,upper,1.1021320211510952,0.13358671894103086
0.12120754716981132,0.01,lower,1.0770736313736256,0.1305494529800787
0.12120754716981132,0.01,upper,1.1094796490903158,0.13447730690106016
0.12269811320754717,0.0,lower,1.0834347852923798,0.132935403938799
0.12269811320754717,0.0,upper,1.1021320211510945,0.13522951950085976
0.12269811320754717,0.01,lower,1.0751803001031206,0.13192259418057722
0.12269811320754717,0.01,upper,1.10884711209979,0.13605344849028178
0.12418867924528301,0.0,lower,1.081030426334191,0.1342517408704084
0.12418867924528301,0.0,upper,1.1021320211510943,0.13687232006068872
0.12418867924528301,0.01,lower,1.0732981956401642,0.13329148535289737
0.12418867924528301,0.01,upper,1.1083037991511535,0.13763878501911117
0.12567924528301885,0.0,lower,1.0787219905815233,0.1355729656464816
0.12567924528301885,0.0,upper,1.1021320211510943,0.1385151206205177
0.12567924528301885,0.01,lower,1.0714377495441465,0.1346574877304445
0.12567924528301885,0.01,upper,1.1078344880828512,0.13923180236075228
0.12716981132075472,0.0,lower,1.0765049489149354,0.13689893123937105
0.12716981132075472,0.0,upper,1.102132021151094,0.1401579211803467
0.12716981132075472,0.01,lower,1.0696069095962928,0.13602170888073611
0.12716981132075472,0.01,upper,1.1074266998880762,0.14083124447633272
0.12866037735849056,0.0,lower,1.0743750158262675,0.13822949496074186
0.12866037735849056,0.0,upper,1.102132021151094,0.14180072174017566
0.12866037735849056,0.01,lower,1.0678115654582752,0.13738503895962223
0.12866037735849056,0.01,upper,1.107070257238341,0.1424360770586462
0.1301509433962264,0.0,lower,1.0723281346947156,0.13956451836083297
0.1301509433962264,0.0,upper,1.102132021151094,0.14344352230000465
0.1301509433962264,0.01,lower,1.0660559460344128,0.13874818708953546
0.1301509433962264,0.01,upper,1.106756872388454,0.14404545105161423
0.13164150943396224,0.0,lower,1.070360464063223,0.14090386712771896
0.13164150943396224,0.0,upper,1.102132021151094,0.14508632285983364
0.13164150943396224,0.01,lower,1.0643429638021285,0.14011171431032923
0.13164150943396224,0.01,upper,1.1064797891115308,0.14565866959681414
0.1331320754716981,0.0,lower,1.068468364836905,0.14224741098658872
0.1331320754716981,0.0,upper,1.102132021151094,0.14672912341966265
0.1331320754716981,0.01,lower,1.062674500583556,0.14147606181353908
0.1331320754716981,0.01,upper,1.106233484116903,0.1472751596967711
0.13462264150943395,0.0,lower,1.0666483883352098,0.14359502359946644
0.13462264150943395,0.0,upper,1.102132021151094,0.14837192397949162
0.13462264150943395,0.01,lower,1.0610516385912194,0.1428415743650632
0.13462264150943395,0.01,upper,1.1060134240459836,0.14889444868996402
0.1361132075471698,0.0,lower,1.0648972651326587,0.14494658246541509
0.1361132075471698,0.0,upper,1.102132021151094,0.1500147245393206
0.1361132075471698,0.01,lower,1.059474844254949,0.1442085193670793
0.1361132075471698,0.01,upper,1.1058158704765693,0.15051614508713151
0.13760377358490566,0.0,lower,1.0632118946304914,0.14630196882151272
0.13760377358490566,0.0,upper,1.102132021151094,0.15165752509914962
0.13760377358490566,0.01,lower,1.0579441130648384,0.14557710219965786
0.13760377358490566,0.01,upper,1.105637724640103,0.15213992312830701
0.1390943396226415,0.0,lower,1.061589335304574,0.14766106754462865
0.1390943396226415,0.0,upper,1.102132021151094,0.15330032565897858
0.1390943396226415,0.01,lower,1.0564590830530571,0.14694747849560635
0.1390943396226415,0.01,upper,1.1054764041779106,0.1537655104075388
0.14058490566037735,0.0,lower,1.0600267955813722,0.14902376705427933
0.14058490566037735,0.0,upper,1.102132021151094,0.15494312621880757
0.14058490566037735,0.01,lower,1.0550191234283979,0.14831976393707533
0.14058490566037735,0.01,upper,1.1053297453719682,0.15539267797672707
0.1420754716981132,0.0,lower,1.058521625295988,0.1503899592165809
0.1420754716981132,0.0,upper,1.102132021151094,0.15658592677863656
0.1420754716981132,0.01,lower,1.0536234036967247,0.14969404207238368
0.1420754716981132,0.01,upper,1.105195925470598,0.15702123243006796
0.14356603773584906,0.0,lower,1.0570713076916929,0.15175953924954888
0.14356603773584906,0.0,upper,1.102132021151094,0.15822872733846557
0.14356603773584906,0.01,lower,1.0522709475311725,0.15107037056159794
0.14356603773584906,0.01,upper,1.1050734008068928,0.1586510095611254
0.1450566037735849,0.0,lower,1.0556734519210704,0.15313240562960734
0.1450566037735849,0.0,upper,1.102132021151094,0.15987152789829454
0.1450566037735849,0.01,lower,1.0509606747417495,0.15244878617763338
0.1450566037735849,0.01,upper,1.1049608573181018,0.16028186926531257
0.14654716981132077,0.0,lower,1.05432578601574,0.1545084599997029
0.14654716981132077,0.0,upper,1.102132021151094,0.16151432845812355
0.14654716981132077,0.01,lower,1.0496914339655288,0.15382930882283513
0.14654716981132077,0.01,upper,1.1048571708130814,0.1619136914284001
0.1480377358490566,0.0,lower,1.053026150290521,0.15588760707885713
0.1480377358490566,0.0,upper,1.102132021151094,0.16315712901795254
0.1480377358490566,0.01,lower,1.0484620281099504,0.155211944765107
0.1480377358490566,0.01,upper,1.1047613749207048,0.1635463725967519
0.14952830188679245,0.0,lower,1.0517724911537534,0.15726975457346218
0.14952830188679245,0.0,upper,1.102132021151094,0.16479992957778153
0.14952830188679245,0.01,lower,1.047271234128399,0.15659668925410494
0.14952830188679245,0.01,upper,1.1046726351102445,0.16517982326884315
0.1510188679245283,0.0,lower,1.0505628552933224,0.15865481308995757
0.1510188679245283,0.0,upper,1.102132021151094,0.1664427301376105
0.1510188679245283,0.01,lower,1.0461178183546966,0.1579835286436036
0.1510188679245283,0.01,upper,1.1045902275304558,0.16681396568214654
0.15250943396226413,0.0,lower,1.0493953842168677,0.16004269604952717
0.15250943396226413,0.0,upper,1.102132021151094,0.16808553069743948
0.15250943396226413,0.01,lower,1.0450005483487061,0.1593724421189168
0.15250943396226413,0.01,upper,1.1045135216889799,0.16844873199645327
0.154,0.0,lower,1.0482683091191554,0.16143331960434992
0.154,0.0,upper,1.102132021151094,0.1697283312572685
0.154,0.01,lower,1.0439182019948117,0.160763403107201
0.154,0.01,upper,1.1044419662061415,0.17008406279574578
