x_vOmega_qTF_over_sqrt_eps_omegaP,normalized_anomaly_crossing_q,weak_field_1_over_x,anomaly_effective_zeta,representative_finite_intercept_q_over_q0,representative_finite_intercept_zeta
0.001,1000.000499999875,1000.0,0.9999990000010001,1.00000007999992,-1.5999966720051942e-07
0.0010154950161807173,984.741923575301,984.7414158279239,0.9999989687709355,1.000000082498325,-1.6499646655126974e-07
0.0010312301278878754,969.7161716617109,969.7156560467839,0.9999989365655542,1.0000000850747557,-1.7014931590487656e-07
0.0010472090554055412,954.9196916903983,954.9191680860141,0.9999989033543968,1.0000000877316482,-1.754630886797563e-07
0.0010634355766636436,940.3489852998829,940.3484535822448,0.9999988691060533,1.0000000904715158,-1.8094281048907003e-07
0.0010799135281311972,926.000607508785,926.0000675521784,0.9999988337881318,1.0000000932969495,-1.8659366389361098e-07
0.0010966468057233656,911.8711659013233,911.8706175780854,0.9999987973672299,1.0000000962106217,-1.924209933031145e-07
0.0011136393657225812,897.9573198252373,897.956763005727,0.9999987598089013,1.000000099215288,-1.9843031003062564e-07
0.0011308952257139363,884.2557796019512,884.2552141545192,0.9999987210776241,1.00000010231379,-2.04627297504701e-07
0.0011484184655350708,870.7633057487878,870.7627315397443,0.9999986811367675,1.0000001055090586,-2.1101781664437763e-07
0.0011662132282407713,857.476708213054,857.4761251066382,0.999998639948556,1.0000001088041155,-2.1760791140198523e-07
0.0011842837210825285,844.392845617806,844.392253476153,0.9999985974740351,1.0000001122020772,-2.2440381447905093e-07
0.0012026342165032625,831.5086245191286,831.5080232022378,0.9999985536730331,1.0000001157061573,-2.3141195322069223e-07
0.0012212690531474648,818.8209986747488,818.8203880404499,0.9999985085041244,1.0000001193196701,-2.386389556940775e-07
0.001240192636886994,806.3269683238027,806.3263482277226,0.999998461924589,1.000000123046033,-2.4609165695669987e-07
0.0012594094418627644,794.0235794775984,794.0229497731273,0.9999984138903735,1.0000001268887702,-2.5377710552039033e-07
0.0012789240115425762,781.907923221198,781.9072837594537,0.999998364356048,1.000000130851516,-2.6170257001718267e-07
0.0012987409597953361,769.9771350256568,769.9764856554508,0.9999983132747645,1.0000001349380188,-2.6987554607333195e-07
0.0013188649719819252,758.228394070757,758.2277346385576,0.9999982605982111,1.0000001391521431,-2.7830376339798784e-07
0.0013393008060629665,746.6589225780754,746.6582529279726,0.9999982062765682,1.0000001434978745,-2.869951930932225e-07
0.00136005329372376,735.2659851542281,735.2653051278958,0.9999981502584597,1.0000001479793232,-2.959580551923253e-07
0.0013811273415166474,724.046888144136,724.0461975807946,0.9999980924909051,1.0000001526007276,-3.0520082643349297e-07
0.0014025279320210788,712.9989789941576,712.9982777305364,0.9999980329192694,1.0000001573664585,-3.147322482762624e-07
0.0014242601250216535,702.1196456249411,702.1189334952396,0.999997971487211,1.000000162281023,-3.2456133516826724e-07
0.0014463290587044145,691.4063158138454,691.4055926496942,0.9999979081366298,1.0000001673490697,-3.3469738307013225e-07
0.0014687399508716825,680.8564565867832,680.855722217204,0.9999978428076103,1.000000172575391,-3.4514997824656776e-07
0.0014914981001757051,670.4675736193484,670.466827870713,0.999997775438366,1.0000001779649308,-3.559290063319672e-07
0.0015146088873714367,660.2372106470723,660.2364533430629,0.9999977059651809,1.0000001835227856,-3.6704466167909586e-07
0.0015380777765887153,650.1629488846883,650.1621798462547,0.9999976343223496,1.000000189254212,-3.7850745699968644e-07
0.0015619103166241593,640.2424064542522,640.2416254995701,0.9999975604421143,1.000000195164631,-3.9032823330607157e-07
0.0015861121422530797,630.4732378219906,630.4724447664181,0.9999974842546011,1.0000002012596318,-4.025181701632467e-07
0.0016106889755617235,620.8531332437406,620.8523278997751,0.9999974056877544,1.0000002075449796,-4.150887962610536e-07
0.0016356466273001553,611.3798182188536,611.379000396087,0.999997324667268,1.0000002140266187,-4.2805200031648113e-07
0.001660990998256107,602.0510529524299,602.0502224575035,0.9999972411165152,1.0000002207106788,-4.414200423163874e-07
0.0016867280806501111,592.864631825759,592.8637884623186,0.9999971549564762,1.0000002276034818,-4.552055651112724e-07
0.0017128639595522547,583.818382874842,583.8175264434904,0.9999970661056639,1.0000002347115469,-4.694216063710602e-07
0.0017394048143208845,574.9101672768684,574.909297575119,0.9999969744800457,1.0000002420415963,-4.840816109141923e-07
0.0017663569200636043,566.137878844531,566.1369956667598,0.9999968799929653,1.0000002496005627,-4.99199443421685e-07
0.0017937266491209116,557.4994435280555,557.4985466654523,0.9999967825550602,1.0000002573955953,-5.14789401548171e-07
0.001821520472572824,548.9928189248283,548.9919081653474,0.9999966820741767,1.0000002654340658,-5.308662294423159e-07
0.0018497449617688477,540.6159937965076,540.6150689248178,0.9999965784552834,1.0000002737235774,-5.474451316893897e-07
0.0018784067898816564,532.3669875935021,532.3660483909357,0.9999964716003813,1.0000002822719696,-5.645417876891729e-07
0.0019075127334848418,524.2438499867061,524.242896231207,0.9999963614084111,1.0000002910873271,-5.821723664827839e-07
0.0019370696741551157,516.2446604063782,516.2436918724496,0.9999962477751568,1.0000003001779874,-6.003535420424467e-07
0.001967084600099326,508.36752758805903,508.3665440467105,0.9999961305931485,1.000000309552548,-6.19102509038637e-07
0.001997564607806705,500.61058912541387,500.6095903441063,0.9999960097515599,1.0000003192198752,-6.384369990995318e-07
0.002028516903726698,492.97201102990084,492.9709967724923,0.9999958851361034,1.0000003291891117,-6.583752975781008e-07
0.0020599488059728018,485.4499872971572,485.4489573238469,0.999995756628923,1.0000003394696861,-6.789362608427081e-07
0.0020918677460527997,478.04273948000315,478.04169354727435,0.9999956241084815,1.0000003500713215,-7.001393341075487e-07
0.0021242812706258082,470.74851626795856,470.7474541285215,0.9999954874494464,1.0000003610040442,-7.220045698197843e-07
0.00215719704328655,463.5655930731777,463.5645144759108,0.9999953465225713,1.0000003722781943,-7.44552646620742e-07
0.0021906228463772705,456.4922716227017,456.4911763125926,0.9999952011945736,1.000000383904434,-7.678048888990992e-07
0.002224566582827735,449.5268795569322,449.52576727501685,0.999995051328008,1.0000003958937593,-7.917832869545313e-07
0.002259036278023734,442.6677700342318,442.6666405175339,0.9999948967811376,1.000000408257509,-8.165105177908752e-07
0.002294040081704539,435.91332134155874,435.91217432302693,0.9999947374077985,1.000000421007376,-8.420099665584516e-07
0.0023295862698897653,429.26193651104086,429.26077171948623,0.9999945730572631,1.000000434155419,-8.683057486658159e-07
0.002365683246836084,422.71204294240255,422.7108601024341,0.9999944035740959,1.0000004477140723,-8.954227325818155e-07
0.0024023395470242634,416.2620920311504,416.26089086311,0.9999942287980077,1.0000004616961593,-9.233865633495144e-07
0.0024395638371769814,409.91055880243556,409.90933902233184,0.9999940485637041,1.0000004761149037,-9.522236868341768e-07
0.0024773649183079316,403.6559415504981,403.65470286993946,0.9999938627007282,1.0000004909839417,-9.819613747282522e-07
0.002515751727802654,397.4967614836178,397.49550360974416,0.9999936710333001,1.000000506317336,-1.0126277503369426e-06
0.0025547333415316237,391.4315623744796,391.43028500989305,0.9999934733801508,1.000000522129588,-1.0442518151687513e-06
0.0025943189759960743,385.4589102158752,385.45761305856985,0.99999326955435,1.000000538435652,-1.0768634763560944e-06
0.0026345179905070755,379.57739288165766,379.5760756249481,0.9999930593631305,1.0000005552509497,-1.1104935749319128e-06
0.002675339889398373,373.7856197928697,373.78428212531855,0.9999928426077047,1.0000005725913836,-1.1451739149889638e-06
0.0027167943242735197,368.0822215889658,368.08086319431027,0.999992619083078,1.0000005904733538,-1.1809372937493542e-06
0.0027588910962878187,362.46584980405265,362.46447036112943,0.9999923885778531,1.0000006089137718,-1.2178175325726996e-06
0.0028016401584656354,356.93517654806755,356.9337757307372,0.9999921508740318,1.0000006279300775,-1.255849508932215e-06
0.0028450516180536078,351.4888941928232,351.4874716698927,0.9999919057468082,1.0000006475402554,-1.295069189388913e-06
0.002889135738910324,346.1257150628425,346.1242704979875,0.9999916529643558,1.0000006677628515,-1.3355136635950668e-06
0.0029339029439330285,340.84437113091064,340.8429041825955,0.9999913922876089,1.0000006886169912,-1.3772211793590392e-06
0.002979363817521925,335.64361371827346,335.6421240396705,0.9999911234700364,1.000000710122397,-1.420231178804593e-06
0.0030255291080826707,330.5222131994089,330.52070043831674,0.999990846257408,1.0000007322994073,-1.4645843356588198e-06
0.0030724097305676427,325.4789587113051,325.47742251006514,0.9999905603875547,1.0000007551689956,-1.5103225937039016e-06
0.0031200167690565816,320.512657867173,320.5110978625849,0.9999902655901204,1.0000007787527903,-1.5574892064290041e-06
0.0031683614793772226,315.6221364745281,315.6205522977641,0.9999899615863068,1.0000008030730954,-1.6061287779197336e-06
0.0032174552917665343,310.8062382575741,310.80462953409153,0.9999896480886086,1.0000008281529114,-1.6562873050237615e-06
0.0032673098135731944,306.0638245838212,306.06219093327434,0.9999893248005431,1.0000008540159566,-1.7080122208324308e-06
0.0033179368320019275,301.3937741948792,301.3921152310289,0.9999889914163692,1.0000008806866905,-1.7613524395193476e-06
0.003369348316900395,296.7949829413534,296.7932982719762,0.9999886476207973,1.0000009081903363,-1.8163584025783445e-06
0.0034215564235892397,292.2663635217899,292.26465274858515,0.9999882930886935,1.0000009365529046,-1.8730821265043968e-06
0.003474573495735992,287.8068452256028,287.80510794409827,0.9999879274847701,1.0000009658012183,-1.931577251962503e-06
0.0035284120682735126,283.415373679923,283.4136094793798,0.9999875504632694,1.0000009959629383,-1.9918990944909588e-06
0.003583084870363649,279.0909106003118,279.08911906362675,0.9999871616676367,1.000001027066589,-2.0541046967868263e-06
0.0036386048284068172,274.83243354527644,274.8306142488838,0.9999867607301832,1.0000010591415853,-2.1182528826229644e-06
0.0036949850690982168,270.6389356745325,270.63708818830384,0.9999863472717387,1.000001092218261,-2.184404312447471e-06
0.0037522389225314026,266.5094255109547,266.507549398097,0.9999859209012919,1.0000011263278967,-2.2526215407179896e-06
0.003810379925349944,262.4429267061597,262.4410215231124,0.9999854812156227,1.0000011615027502,-2.322969075024986e-06
0.0038694218239479217,258.4384778096665,258.43654310599635,0.9999850277989185,1.0000011977760865,-2.3955134370597206e-06
0.003929378577720019,254.49513204157805,254.49316735987284,0.9999845602223834,1.0000012351822094,-2.470323225484477e-06
0.003990264362361955,250.61195706873346,250.60996194449396,0.9999840780438312,1.0000012737564936,-2.547469180764261e-06
0.004052093573222093,246.78803478427318,246.78600874580312,0.9999835808072681,1.0000013135354187,-2.627024252021213e-06
0.00411488082870495,243.02246109056975,243.02040365886455,0.9999830680424615,1.000001354556603,-2.70906366597465e-06
0.004178640973727456,239.31434568547039,239.31225637410387,0.9999825392644952,1.0000013968588404,-2.7936649980318284e-06
0.004243389083228771,235.66281185180083,235.66069016681013,0.9999819939733112,1.0000014404821351,-2.880908245596405e-06
0.004309140465734481,232.06699625008133,232.06484168985028,0.9999814316532364,1.000001485467741,-2.970875903663704e-06
0.00437591066697602,228.52604871440573,228.5238607695462,0.9999808517724962,1.0000015318582003,-3.063653042774047e-06
0.004443715473566187,225.0391320514346,225.03691020466624,0.9999802537827107,1.0000015796973831,-3.159327389397612e-06
0.004512570916731599,221.6054218424565,221.6031655684844,0.9999796371183769,1.0000016290305298,-3.2579894088265535e-06
0.004582493276102989,218.22410624846873,218.22181501385916,0.9999790011963334,1.0000016799042932,-3.359732390652516e-06
0.004653499083564233,214.89438581823242,214.892059081287,0.9999783454152106,1.0000017323667831,-3.464652536910044e-06
0.004725605127161014,211.615473299257,211.6131105098844,0.9999776691548599,1.0000017864676112,-3.572849052968924e-06
0.004798828455070054,208.3865934516683,208.3841940512545,0.99997697177577,1.0000018422579384,-3.6844242412610805e-06
0.004873186379629852,205.20698286491714,205.20454628619316,0.999976252618461,1.0000018997905231,-3.7994835979302856e-06
0.004948696481433867,202.07588977728454,202.0734154441926,0.9999755110028604,1.000001959119771,-3.91813591249566e-06
0.005025376613487144,198.9925738981413,198.99006122569847,0.9999747462276618,1.000002020301787,-4.040493370622873e-06
0.005103244905427326,195.95630623291945,195.95375462707955,0.999973957569661,1.0000020833944272,-4.1666716600997055e-06
0.005182319767811085,192.9663689107547,192.9637777682679,0.9999731442830732,1.0000021484573542,-4.296790080115763e-06
0.005262619896466969,190.02205501475882,190.019423723029,0.9999723055988265,1.0000022155520938,-4.430971653949179e-06
0.005344164276915689,187.12266841488176,187.11999635182175,0.9999714407238369,1.000002284742093,-4.569343245166325e-06
0.005426972188858915,184.26752360332404,184.2648101372087,0.9999705488402577,1.0000023560927793,-4.712035677443878e-06
0.005511063210737586,181.45594553246156,181.4531900217785,0.9999696291047064,1.0000024296716234,-4.859183858125862e-06
0.005596457224360921,178.6872694552416,178.68447124853947,0.9999686806474685,1.0000025055482025,-5.01092690563204e-06
0.005683174419607086,175.96084076801617,175.9579992037507,0.9999677025716738,1.000002583794266,-5.167408280837244e-06
0.005771235299196736,173.27601485577222,173.27312926215018,0.999966693952451,1.0000026644838038,-5.328775922545322e-06
0.005860660683540517,170.63215693972455,170.6292266345446,0.999965653836052,1.000002747693116,-5.495182387184952e-06
0.00595147171566167,168.0286419272333,168.02566621772516,0.9999645812389507,1.000002833500884,-5.666784992858647e-06
0.00604368986619493,165.46485426401233,165.46183244667284,0.9999634751469147,1.000002921988247,-5.843745967880276e-06
0.006137336938462857,162.94018778859228,162.9371191490193,0.999962334514046,1.0000030132388764,-6.026232603940635e-06
0.006232435073630853,160.4540455890048,160.45092940172842,0.9999611582617923,1.0000031073390567,-6.21441741404493e-06
0.006329006755942034,158.0058398616533,158.00267538996428,0.9999599452779282,1.0000032043777658,-6.408478295370448e-06
0.006427074818033224,155.59499177233735,155.5917782681133,0.9999586944155052,1.0000033044467596,-6.608598697197353e-06
0.0065266624463333365,153.22093131939772,153.21766802292612,0.9999574044917663,1.0000034076406588,-6.8149677940701545e-06
0.006627793186545351,150.88309719895025,150.8797833387491,0.9999560742870293,1.0000035140570376,-7.027780664352302e-06
0.0067304909492133195,148.58093667217466,148.57757146481018,0.999954702543535,1.0000036237965173,-7.247238474341623e-06
0.006834780015375551,146.31390543463016,146.3104880845317,0.9999532879642576,1.0000037369628594,-7.473548668118925e-06
0.006940685042305439,144.08146748756417,144.0779971868363,0.9999518292116802,1.0000038536630655,-7.706925163308056e-06
0.007048231069341224,141.88309501118525,141.87957093941685,0.9999503249065306,1.0000039740074775,-7.947588552930777e-06
0.0071574435238061,139.71826823986922,139.71468956393971,0.9999487736264793,1.0000040981098817,-8.195766313545657e-06
0.007268348227020046,137.58647533927027,137.58284121315285,0.9999471739047946,1.0000042260876165,-8.451693019865918e-06
0.00738097140040481,135.48721228530687,135.48352184986857,0.9999455242289575,1.0000043580616833,-8.715610566057273e-06
0.007495339671683494,133.41998274499423,133.41623512779302,0.9999438230392342,1.0000044941568613,-8.987768393922941e-06
0.007611480081176202,131.38429795909525,131.3804922741741,0.9999420687272007,1.0000046345018239,-9.268423728189373e-06
0.007729420088193235,129.37967662656237,129.3758119742398,0.9999402596342248,1.0000047792292621,-9.55784181911284e-06
0.00784918757752735,127.4056447907425,127.40172025740019,0.9999383940498997,1.000004928476008,-9.856296192633823e-06
0.007970810866046622,125.46173572731837,125.45775038518534,0.9999364702104283,1.0000050823831657,-1.016406890831307e-05
0.008094318709389451,123.54748983396009,123.54344274089367,0.9999344862969572,1.0000052410962434,-1.048145082529036e-05
0.008219740308763324,121.66245452166045,121.65834472092367,0.9999324404338599,1.0000054047652913,-1.0808741876514563e-05
0.008347105317848906,119.80618410772827,119.802010627764,0.9999303306869641,1.0000055735450428,-1.1146251351500961e-05
0.008476443849811126,117.97823971041475,117.9740015646163,0.999928155061727,1.000005747595062,-1.1494298187879964e-05
0.008607786484418891,116.17818914514797,116.17388533162595,0.9999259115013509,1.000005927079892,-1.1853211272009122e-05
0.008741164275275121,114.40560682235025,114.40123632369622,0.9999235978848418,1.0000061121692128,-1.2223329748929015e-05
0.008876608757158818,112.6600736468154,112.65563542986153,0.9999212120250065,1.0000063030379995,-1.2605003341951834e-05
0.009014151953480898,110.94117691862108,110.93666993419616,0.9999187516663876,1.0000064998666889,-1.2998592682180647e-05
0.00915382638385553,109.24851023555355,109.2439334182354,0.9999162144831354,1.000006702841349,-1.3404469648266155e-05
0.009295665071788849,107.58167339702071,107.57702566488456,0.9999135980768106,1.000006912153855,-1.3823017716717548e-05
0.009439701552486746,105.94027230943219,105.93555256379533,0.9999108999741221,1.0000071280020701,-1.4254632323093074e-05
0.00958596988078367,104.32391889302289,104.31912601818526,0.9999081176245915,1.0000073505900327,-1.4699721234406632e-05
0.00973450463919428,102.73223099009853,102.72736385307937,0.9999052483981462,1.0000075801281483,-1.5158704933096362e-05
0.009885340946089864,101.16483227468122,101.15988972495167,0.9999022895826382,1.000007816833389,-1.5632017012912193e-05
0.010038514464001435,99.62135216353406,99.61633303274554,0.9998992383812829,1.0000080609294975,-1.6120104587089743e-05
0.010194061408051501,98.10142572854329,98.09632883025182,0.9998960919100219,1.0000083126471981,-1.6623428709189642e-05
0.010352018554516484,96.60469361043764,96.59951773982378,0.999892847194801,1.0000085722244159,-1.7142464806992435e-05
0.010512423249521808,95.13080193382409,95.12554586740868,0.9998895011687641,1.0000088399064988,-1.7677703129851408e-05
0.010675313417871698,93.67940222352078,93.67406471887611,0.9998860506693599,1.0000091159464513,-1.8229649209917475e-05
0.010840727572015848,92.25015132216586,92.24473111762263,0.9998824924353598,1.0000094006051712,-1.8798824337663656e-05
0.011008704821154982,90.84271130908425,90.83720712343386,0.9998788231037804,1.0000096941516976,-1.938576605214844e-05
0.011179284880487519,89.45674942039243,89.45115995258463,0.9998750392067122,1.000009996863463,-1.9991028646471658e-05
0.01135250808059952,88.09193797032225,88.08626189915827,0.9998711371680495,1.000010309026556,-2.061518368888975e-05
0.011528415377000134,86.74795427374556,86.74219025756642,0.9998671133001172,1.0000106309359906,-2.1258820560071424e-05
0.011707048359804781,85.4244805698811,85.4186272462511,0.9998629638001949,1.0000109628959843,-2.1922547006989334e-05
0.011888449263568397,84.12120394716554,84.11525993255098,0.9998586847469306,1.0000113052202455,-2.260698971395825e-05
0.012072660977271032,82.8378162692712,82.83178015871404,0.9998542720966449,1.0000116582322685,-2.331279489134566e-05
0.01225972705445816,81.57401410225293,81.56788446903941,0.9998497216795182,1.0000120222656386,-2.4040628882496348e-05
0.012449691723538167,80.32949864280612,80.32327403813038,0.9998450291956614,1.0000123976643471,-2.4791178789429327e-05
0.012642599898239334,79.10397564762036,79.09765460024283,0.9998401902110637,1.0000127847831148,-2.5565153117881296e-05
0.012838497188228886,77.89715536381075,77.89073637971123,0.9998352001534137,1.0000131839877269,-2.636328244228885e-05
0.013037429909896587,76.70875246041093,76.70223402243641,0.999830054307792,1.0000135956553766,-2.7186320091319275e-05
0.013239445097305402,75.5384859609118,75.53186652841877,0.9998247478122283,1.0000140201750218,-2.803504285457722e-05
0.013444590513311868,74.38607917682948,74.37935718532088,0.9998192756531227,1.0000144579477501,-2.891025171113449e-05
0.01365291466085876,73.25125964228732,73.24443350304371,0.9998136326605227,1.0000149093871582,-2.981277258054831e-05
0.013864466794442719,72.13375904959628,72.12682714930148,0.9998078135032552,1.0000153749197396,-3.074345709705383e-05
0.014079296931759628,71.03331318581813,71.02627388617907,0.9998018126839057,1.0000158549852876,-3.1703183407637206e-05
0.014297455865530367,69.94966187029716,69.94251350765788,0.9997956245336428,1.0000163500373085,-3.269285699471557e-05
0.014518995175509851,68.88254889314504,68.87528977809471,0.9997892432068828,1.0000168605434494,-3.371341152417295e-05
0.014743967240682132,67.83172195466452,67.82435037163951,0.9997826626757865,1.000017386985937,-3.476580971952232e-05
0.014972425251644467,66.79693260569766,66.78944681257747,0.999775876724587,1.000017929862033,-3.585104426298708e-05
0.015204423223183279,65.77793618888438,65.77033441658135,0.9997688789437417,1.0000184896845006,-3.697013872431885e-05
0.015440016007044985,64.7744917808176,64.76677223286032,0.9997616627239012,1.0000190669820879,-3.812414851819177e-05
0.015679259304904682,63.78636213508119,63.77852298719153,0.999754221249694,1.0000196623000244,-3.9314161891038745e-05
0.01592220968153584,62.81331362615712,62.80535302582078,0.9997465474933158,1.0000202762005348,-4.0541300938220406e-05
0.016168924578184012,61.855116194188916,61.84703226021934,0.9997386342079213,1.0000209092633663,-4.180672265244275e-05
0.01641946232614777,60.91154329058803,60.90333411268367,0.9997304739208123,1.000021562086335,-4.3111620004367014e-05
0.01667388216057011,59.98237182447038,59.97403546276521,0.9997220589264132,1.000022235285887,-4.445722305638245e-05
0.016932244234443516,59.067382109910525,59.058916594517534,0.9997133812790289,1.0000229294976777,-4.584480011054017e-05
0.017194609632832078,58.16635781400061,58.15776114454845,0.9997044327853811,1.0000236453771696,-4.727565889167651e-05
0.017461040387313935,57.27908590570237,57.27035605086484,0.9996952049969107,1.0000243836002471,-4.875114776678204e-05
0.017731599490647523,56.405356605479625,56.39649150249795,0.999685689201842,1.0000251448638526,-5.0272657001704325e-05
0.018006350911665105,55.544963335699514,55.535960889897304,0.9996758764170053,1.0000259298866396,-5.184162005630347e-05
0.01828535961039703,54.697702671790864,54.688560756081685,0.9996657573794012,1.0000267394096478,-5.3459514919210065e-05
0.018568691553430366,53.863374294147924,53.854090748535306,0.9996553225375094,1.0000275741969993,-5.512786548337011e-05
0.018856413729505517,53.04178094076834,53.03235357183816,0.9996445620423241,1.000028435036614,-5.684824296359291e-05
0.019148594165354506,52.23272836061384,52.22315494101896,0.9996334657381165,1.0000293227409507,-5.862226735735421e-05
0.019445301941784662,51.436025267683036,51.42630353562005,0.9996220231529104,1.0000302381477673,-6.045160895014079e-05
0.01974660721001155,50.651483295785056,50.641610954463054,0.9996102234886625,1.000031182120907,-6.23379898666594e-05
0.02005258120824496,49.878916954003586,49.86889167110482,0.9995980556111425,1.0000321555511087,-6.428318566927029e-05
0.02036329627853186,49.11814358284085,49.107962989973124,0.9995855080394987,1.0000331593568401,-6.628902700504225e-05
0.020678825883860455,48.36898331103058,48.35864500317141,0.9995725689355037,1.0000341944851596,-6.835740130286745e-05
0.020999244625529108,47.63125901301079,47.62076054794297,0.9995592260924668,1.0000352619126027,-7.049025452210978e-05
0.02132462826078452,46.904796267045256,46.894135164783904,0.9995454669238061,1.0000363626460955,-7.268959295430624e-05
0.021655053720733158,46.18942331398447,46.178597056195336,0.9995312784512688,1.0000374977238986,-7.495748507947803e-05
0.02199059912853022,45.484971016656104,45.47397704606499,0.9995166472927881,1.000038668216577,-7.729606347865307e-05
0.022331343817850464,44.79127281987526,44.78010853966855,0.9995015596499671,1.0000398752280026,-7.970752680424384e-05
0.02267736835164523,44.1081647110653,44.096827484281285,0.9994860012951778,1.0000411198963857,-8.21941418099702e-05
0.02302875454119006,43.43548518147979,43.42397233039086,0.9994699575582634,1.000042403395339,-8.475824544205942e-05
0.02338558546542757,42.77307518801637,42.76138399350168,0.9994534133128318,1.0000437269349736,-8.740224699350612e-05
0.023747945490609913,42.12077811561358,42.10890581652237,0.9994363529621287,1.0000450917630297,-9.012863032321714e-05
0.02411592029024571,41.47843974022176,41.46638353272694,0.9994187604244785,1.0000464991660418,-9.29399561419191e-05
0.024489596865355952,40.84590819233931,40.83366522928123,0.9994006191182749,1.000047950470538,-9.583886436675166e-05
0.024869063565043887,40.22303392110547,40.21060131132587,0.9993819119465156,1.0000494470442787,-9.882807654652275e-05
0.02525441010738353,39.60966965894146,39.5970444666072,0.9993626212808608,1.0000509902975312,-0.00010191039835965053
0.02564572760063192,39.0056703867313,38.99284963064802,0.999342728945205,1.0000525816843837,-0.00010508872218687055
0.02604310856476998,38.41089329953435,38.397873952449665,0.9993222161987436,1.0000542227041005,-0.00010836602976083754
0.026446646953377267,37.82519777282117,37.81197676071744,0.9993010637185266,1.0000559149025179,-0.00011174539489480798
0.026856438175845567,37.248445329225106,37.23501953060145,0.999279251581473,1.000057659873482,-0.00011522998629264004
0.02727257911993673,36.68049960580126,36.666865850944866,0.999256759245842,1.0000594592603327,-0.0001188230704424067
0.02769516817469004,36.12122632178563,36.107381392032,0.9992335655321348,1.0000613147574293,-0.00012252801459597265
0.028124305253684548,35.57049324684623,35.556433873828425,0.9992096486034154,1.0000632281117268,-0.00012634828983694118
0.028560091818661825,35.02817016981926,35.01389303470575,0.9991849859450322,1.0000652011243973,-0.00013028747423943858
0.029002630903514775,34.49412886792242,34.47963060064361,0.9991595543437228,1.0000672356525022,-0.0001343492561202593
0.02945202713864811,33.96824307643851,33.95352025490159,0.9991333298660807,1.0000693336107136,-0.00013853743738695374
0.029908386775716386,33.450388458861745,33.43543760815388,0.9991062878363712,1.0000714969730904,-0.0001428559369845057
0.03037181771274526,32.94044257750014,32.92526016907967,0.9990784028136703,1.0000737277749063,-0.00014730879444329893
0.030842429519642046,32.43828486452667,32.422867315402264,0.9990496485683129,1.0000760281145349,-0.00015190017353114115
0.031320333464101534,31.94379659347257,31.92814026537014,0.9990199980576255,1.00007840015539,-0.0001566343660121694
0.03180564253791325,31.456860851155923,31.440962049673132,0.9989894234009238,1.000080846127926,-0.00016151579551552643
0.03229847148367632,30.977362510038954,30.96121748378715,0.9989578958537557,1.0000833683316996,-0.00016654902151675745
0.032798936821928325,30.50518820100746,30.488793140740825,0.9989253857813649,1.0000859691374908,-0.0001717387434349409
0.03330715687869445,30.04022628656597,30.023577324297797,0.998891862631353,1.0000886509894917,-0.0001770898048486269
0.033823251813463504,29.582366834442304,29.565460042548168,0.9988572949055187,1.0000914164075585,-0.0001826071978337218
0.034347343647597596,29.13150159159518,29.11433298190279,0.9988216501308469,1.0000942679895322,-0.00018829606742652027
0.03487955629318178,28.68752395861888,28.67008948148457,0.9987848948296276,1.0000972084136297,-0.00019416171621514355
0.03542001558232087,28.250328964538845,28.232624507910387,0.9987469944886748,1.000100240440906,-0.00020020960906271088
0.03596884929689019,27.81981324199218,27.80183463045782,0.9987079135276228,1.0001033669177901,-0.00020644537796562771
0.03652618719874729,27.395875002787356,27.37761799661083,0.9986676152662712,1.0001065907786983,-0.0002128748270504352
0.037092161060411785,26.97841401383715,26.959874307978602,0.9986260618909555,1.0001099150487236,-0.00021950393771272882
0.03766690469622066,26.567331573459192,26.548504796581703,0.998583214419908,1.0001133428464073,-0.00022633887390170697
0.03825055399396613,26.162530488038698,26.143412201500293,0.9985390326675895,1.000116877386593,-0.00023338598755397007
0.03884324694702404,25.763915049047462,25.74450074587842,0.9984934752079547,1.0001205219833635,-0.00024065182418025183
0.03944512368697978,25.371391010414122,25.351676114279353,0.9984464993366264,1.0001242800530699,-0.0002481431286088045
0.04005632651675992,24.98486556624,24.96484543038641,0.9983980610319454,1.0001281551174444,-0.00025586685088922935
0.04067699994427721,24.604247328855504,24.58391723504399,0.998348114914865,1.0001321508068108,-0.00026383015236057793
0.04130729071659683,24.22944630721164,24.208801464633716,0.9982966142076585,1.0001362708633874,-0.00027204041188760717
0.04194734785463208,23.860373885601806,23.839409429780527,0.998243510691406,1.0001405191446875,-0.0002805052322691088
0.042597322688377806,23.49694280270857,23.47565379438362,0.9981887546622267,1.000144899627022,-0.00028923244682228013
0.04325736889268946,23.1390671309707,23.1174485549675,0.9981322948862226,1.0001494164091023,-0.0002982301261471329
0.04392764252361694,22.786662256265366,22.76470902034789,0.998074078553098,1.0001540737157522,-0.0003075065850749794
0.04460830205530115,22.439644857900813,22.417351791608088,0.9980140512284195,1.0001588759017264,-0.0003170703898050552
0.04529950841744237,22.09793288891486,22.075294742380795,0.9979521568044761,1.000163827455642,-0.00032693036523336397
0.046001425033349176,21.76144555667434,21.738456999430788,0.9978883374497074,1.0001689330040233,-0.0003370956024778527
0.046714217858576976,21.43010330377105,21.406758923533914,0.9978225335566555,1.0001741973154676,-0.00034757546660402975
0.04743805542016517,21.103827789209678,21.080122090647833,0.9977546836884054,1.0001796253049275,-0.0003583796045551505
0.048173108856482426,20.78254186988318,20.75846927337003,0.9976847245234708,1.0001852220381224,-0.00036951795329108803
0.04891955195768907,20.466169582331354,20.441724422678856,0.9976125907990866,1.000190992736073,-0.00038100074814000214
0.049677561206826905,20.154636124778065,20.129812649953028,0.9975382152528632,1.000196942779771,-0.0003928385313668997
0.05044731582154526,19.847867839443147,19.822660209265596,0.9974615285627644,1.0002030777149788,-0.00040504216096314927
0.051228997796473864,19.545792195124616,19.52019447994805,0.9973824592853592,1.0002094032571713,-0.00041762281966097953
0.05202279194625216,19.2483377700471,19.222343949420466,0.9973009337923097,1.0002159252966152,-0.0004305920241769435
0.052828885949225426,18.95543423497243,18.929038196283635,0.9972168762050455,1.0002226499035964,-0.00044396163468826607
0.05364747039181794,18.66701233656846,18.640207873669198,0.9971302083275795,1.0002295833337935,-0.0004577438645459234
0.05447873881359371,18.383003881032053,18.35578469284382,0.9970408495774203,1.0002367320338064,-0.00047195129022821556
0.05532288775301544,18.103341717962437,18.075701407063548,0.9969487169145302,1.0002441026468376,-0.00048659686153849273
0.056180116793912424,17.82795972448116,17.799891795674554,0.9968537247682855,1.000251702018537,-0.0005016939120505763
0.057050628612668686,17.556792789594695,17.528290648456405,0.9967557849623846,1.0002595372030092,-0.0005172561698052888
0.05793462902614208,17.289776798796233,17.26083375020432,0.9966548066376579,1.0002676154689873,-0.0005332977682613406
0.05883232704032601,17.026848618902807,16.99745786554661,0.9965506961727296,1.0002759443061817,-0.000549833257503667
0.05974393489976511,16.7679460831243,16.738100723993853,0.996443357102476,1.0002845314318018,-0.0005668776157121005
0.06066966813773669,16.513007976360694,16.482701005216104,0.9963326900342349,1.0002933847972613,-0.0005844462608930544
0.061609745627209674,16.26197402072416,16.23119832454485,0.9962185925617081,1.0003025125950633,-0.0006025550628766535
0.0625643896325932,16.014784861282468,15.983533218696111,0.9961009591765091,1.0003119232658793,-0.0006212203555814795
0.06353382586228692,15.771382052020455,15.739647131711463,0.9959796811772988,1.000321625505816,-0.0006404589495488025
0.06451828352204594,15.531708042016051,15.499482401113465,0.9958546465764592,1.0003316282738832,-0.0006602881447478578
0.06551799536917215,15.295706161827784,15.262982244272465,0.9957257400042483,1.00034194079966,-0.0006807257436533488
0.06653319776754563,15.063320610090374,15.03009074498133,0.9955928426103836,1.0003525725911693,-0.000701790064595997
0.06756413074350862,14.834496440315291,14.800752840235088,0.9954558319629998,1.00036353344296,-0.0007234999553865105
0.06861103804261538,14.609179547893193,14.574914307212266,0.9953145819449244,1.000374833444406,-0.0007458748072128911
0.06967416718726151,14.38731665729507,14.352521750454873,0.9951689626472184,1.0003864829882225,-0.0007689345688104977
0.07075376953520617,14.168855309469084,14.133522589243995,0.9950188402599282,1.0003984927792058,-0.000792699760903729
0.07185010033900092,13.95374384943021,13.917865045168078,0.994864076959989,1.000410873843201,-0.0008171914909175924
0.07296341880633991,13.741931414039499,13.705498129880782,0.9947045307962346,1.0004236375363011,-0.0008424314679568095
0.0740939881613446,13.533367919970344,13.496371633045765,0.9945400555714495,1.000436795554284,-0.0008684420180493702
0.07524207570679851,13.328004051858644,13.290436110465315,0.9943705007214192,1.0004503599422865,-0.000895246099650744
0.07640795288734611,13.125791250634204,13.087642872390179,0.9941957111909179,1.0004643431047266,-0.0009228673194041127
0.07759189535367102,12.926681702030523,12.887943972007744,0.9940155273065886,1.000478757815473,-0.0009513299481511501
0.07879418302766868,12.730628325270217,12.691292194105861,0.9938297846466599,1.0004936172282672,-0.0009806589371869128
0.08001510016862885,12.537584761923476,12.497641043909676,0.9936383139074525,1.000508934887404,-0.0010108799347514268
0.08125493544044346,12.34750536493682,12.30694473608879,0.9934409407666246,1.00052472473867,-0.001042019302749451
0.08251398197985628,12.160345187829499,12.119158183932088,0.9932374857431117,1.0005410011405511,-0.001074104133688788
0.08379253746576956,11.976059974055131,11.934236988687855,0.9930277640537145,1.0005577788757027,-0.0011071622678262135
0.08509090418962502,11.794606146525824,11.752137429066456,0.9928115854662897,1.0005750731626968,-0.0011412223105088455
0.08640938912687512,11.615940797296474,11.57281645090324,0.9925887541495078,1.0005928996680393,-0.001176313649697313
0.08774830400956196,11.44002167740663,11.396231656979145,0.9923590685191332,1.0006112745184694,-0.001212466473655594
0.08910796540002063,11.266807186877587,11.22234129699665,0.9921223210807966,1.0006302143135362,-0.0012497117887907967
0.09048869476572474,11.09625636486227,11.05110425770866,0.991878298269223,1.000649736138462,-0.0012880814376244306
0.09189081855529167,10.928328879945585,10.88248005319802,0.991626780283888,1.000669857577289,-0.0013276081168748985
0.09331466827566529,10.762985020592891,10.716428815305356,0.9913675409210773,1.0006905967263138,-0.0013683253956290064
0.09476058057049498,10.600185685744288,10.552911284202958,0.9911003474023276,1.0007119722078137,-0.0014102677335782277
0.09622889729972897,10.439892375552523,10.391888799112493,0.9908249601992314,1.0007340031840615,-0.0014534704992932657
0.09771996562044084,10.282067182262239,10.233323289164382,0.9905411328545951,1.0007567093716323,-0.0014979699885081456
0.09923413806890873,10.126672781228379,10.077177264396598,0.9902486117999449,1.0007801110560044,-0.0015438034423826143
0.10077177264396599,9.97367242207164,9.923413806890872,0.9899471361693762,1.0008042291064498,-0.0015910090657090016
0.10233323289164381,9.823029919968757,9.771996562044086,0.9896364376097578,1.0008290849912194,-0.001639626045026976
0.10391888799112495,9.674709647075607,9.622889729972897,0.9893162400872983,1.0008547007930162,-0.0016896945666066703
0.10552911284202958,9.528676524081016,9.476058057049498,0.9889862596904994,1.00088109922476,-0.0017412558342576282
0.10716428815305357,9.384896011889237,9.331466827566528,0.9886462044295199,1.0009083036456383,-0.0017943520869177253
0.10882480053198018,9.243334103429097,9.189081855529167,0.9882957740319925,1.0009363380774405,-0.0018490266159728267
0.11051104257708666,9.103957315587815,9.048869476572468,0.9879346597353348,1.0009652272211733,-0.0019053237822543325
0.11222341296996656,8.96673268126761,8.910796540002057,0.9875625440756117,1.000994996473951,-0.0019632890326579245
0.1139623165697915,8.83162774156299,8.774830400956192,0.9871791006730202,1.0010256719461583,-0.002022968916322931
0.11572816450903245,8.698610538057052,8.640938912687508,0.9867839940140692,1.0010572804788744,-0.0020844111003073943
0.11752137429066463,8.567649605234761,8.509090418962497,0.9863768792305482,1.0010898496615561,-0.0021476643846896405
0.1193423698868786,8.43871396301142,8.379253746576952,0.9859574018753893,1.001123407849969,-0.0022127787170224704
0.12119158183932094,8.311773109374462,8.251398197985623,0.9855251976955385,1.001157984184357,-0.0022798052060612876
0.12306944736088794,8.18679701313684,8.125493544044343,0.9850798924019709,1.0011936086078423,-0.0023487961346823714
0.12497641043909684,8.063756106800168,8.00151001686288,0.9846211014369971,1.0012303118850403,-0.0024198049719022694
0.1269129219410586,7.942621279525892,7.879418302766868,0.9841484297390297,1.0012681256208775,-0.0024928863839037366
0.12887943972007743,7.823363870212758,7.759189535367102,0.9836614715049885,1.0013070822796009,-0.0025680962439678587
0.1308764287239018,7.705955660678891,7.640795288734612,0.9831598099505545,1.0013472152039555,-0.002645491641206077
0.13290436110465315,7.590368868946752,7.5242075706798515,0.9826430170684891,1.0013885586345208,-0.0027251308879795008
0.13496371633045764,7.4765761426293755,7.40939881613446,0.9821106533852686,1.0014311477291784,-0.0028070735258864943
0.13705498129880783,7.364550552416186,7.296341880633991,0.9815622677163007,1.001475018582696,-0.002891380330192762
0.13917865045168076,7.25426558565683,7.185010033900093,0.9809973969200113,1.001520208246399,-0.0029781133125712012
0.14133522589243996,7.145695140041359,7.075376953520617,0.9804155656511252,1.00156675474791,-0.0030673357220116055
0.1435252175045488,7.038813517375257,6.967416718726147,0.9798162861134784,1.0016146971109217,-0.0031591120437528667
0.14574914307212275,6.933595417447726,6.861103804261534,0.9791990578127396,1.0016640753749808,-0.0032535079960826444
0.14800752840235096,6.83001593199161,6.756413074350858,0.9785633673094406,1.0017149306152449,-0.0033505905248417023
0.15030090744981336,6.72805053873359,6.65331977675456,0.9779086879727497,1.00176730496218,-0.00345042779546184
0.15262982244272472,6.627675095533017,6.551799536917211,0.9772344797354541,1.0018212416211636,-0.0035530891823582454
0.15499482401113474,6.528865834607953,6.451828352204591,0.9765401888506552,1.0018767848919476,-0.0036586452554885902
0.1573964713171147,6.431599356846938,6.3533825862286895,0.9758252476507099,1.0019339801879432,-0.0037671677638825
0.15983533218696122,6.33585262620504,6.256438963259316,0.975089074308996,1.0019928740552804,-0.0038787296159363566
0.1623119832454485,6.241602964182744,6.160974562720967,0.9743310726051176,1.0020535141915905,-0.003993404856259487
0.16482701005216105,6.148828044386265,6.066966813773669,0.9735506316942029,1.0021159494644638,-0.004111268638848784
0.1673810072399385,6.057505887167896,5.974393489976512,0.9727471258809978,1.0021802299295202,-0.004232397196359858
0.16997457865546614,5.96761485434497,5.883232704032601,0.9719199143994975,1.0022464068480401,-0.004356867805233673
0.17260833750204319,5.879133643996116,5.793462902614208,0.9710683411989093,1.0023145327040872,-0.0044847587464287185
0.17528290648456404,5.7920412853333945,5.705062861266869,0.9701917347367841,1.0023846612210572,-0.004616149261499686
0.17799891795674552,5.706317133649025,5.618011679391243,0.9692894077802082,1.0024568473775834,-0.004751119503754837
0.18075701407063546,5.62194086533534,5.532288775301545,0.9683606572159997,1.00253114742272,-0.004889750484215612
0.1835578469284383,5.538892472976668,5.447873881359369,0.9674047638709016,1.002607618890328,-0.005032124012093482
0.1864020787366921,5.457152260511868,5.364747039181791,0.9664209923428274,1.0026863206125738,-0.005178322629490996
0.18929038196283646,5.376700838466154,5.28288859492254,0.9654085908442681,1.0027673127324586,-0.005328429540026302
0.19222343949420478,5.297519119251043,5.202279194625213,0.9643667910590273,1.0028506567152777,-0.005482528531072864
0.1952019447994806,5.219588312531095,5.122899779647384,0.9632948080135149,1.0029364153589189,-0.005640703889299635
0.19822660209265605,5.142889920656215,5.044731582154524,0.9621918399638888,1.003024652802889,-0.005803040309190721
0.20129812649953036,5.06740573415829,4.967756120682688,0.9610570683004027,1.0031154345359679,-0.005969622794218236
0.20441724422678867,4.993117827310947,4.8919551957689045,0.9598896574703709,1.0032088274023703,-0.006140536550337601
0.2075846927337004,4.920008553751205,4.81731088564824,0.9586887549212427,1.0033048996063005,-0.0063158668714710575
0.21080122090647832,4.848060542161847,4.743805542016517,0.9574534910653303,1.0034037207147737,-0.006495699016642806
0.21406758923533917,4.777256692013306,4.671421785857697,0.9561829792678114,1.0035053616585752,-0.0066801180784281065
0.21738456999430789,4.70758016936392,4.600142503334917,0.9548763158596885,1.0036098947312249,-0.00686920884237894
0.22075294742380797,4.6390144027173825,4.5299508417442365,0.9535325801774589,1.0037173935858033,-0.007063055637090786
0.2241735179160809,4.571543078936241,4.460830205530114,0.9521508346313152,1.0038279332294948,-0.007261742174578712
0.2276470902034789,4.505150139210323,4.392764252361694,0.9507301248037596,1.0039415900156992,-0.007465351380636341
0.231174485549675,4.439819775078958,4.325736889268946,0.9492694795805906,1.0040584416335527,-0.007673965214859227
0.23475653794383622,4.375536424505899,4.259732268837781,0.9477679113162729,1.004178567094698,-0.007887664480023733
0.23839409429780536,4.312284768005825,4.194734785463207,0.9462244160357781,1.0043020467171377,-0.008106528620525301
0.2420880146463373,4.250049724821398,4.1307290716596805,0.9446379736750334,1.0044289621059974,-0.00833063550959477
0.24583917235044003,4.188816449149719,4.067699994427719,0.9430075483621815,1.0045593961310255,-0.008560061225029959
0.24964845430386426,4.128570326417224,4.00563265167599,0.9413320887419073,1.0046934329006474,-0.008794879813200313
0.2535167611427937,4.069296969601913,3.9445123686979753,0.9396105283451404,1.0048311577323887,-0.009035163041107588
0.25744500745878435,4.010982215601922,3.8843246947024017,0.9378417860064867,1.004972657119481,-0.009280980136313366
0.26143412201500305,3.953612121649413,3.8250553993966117,0.9360247663317892,1.005118018693457,-0.009532397514576322
0.2654850479658172,3.897172961768785,3.7666904696220636,0.9341583602182488,1.0052673311825402,-0.009789478495078269
0.269598743079786,3.841651223278251,3.709216106041179,0.9322414454295735,1.0054206843656341,-0.01005228300315833
0.2737761799661083,3.7870336033337897,3.652618719874729,0.9302728872286365,1.0055781690217092,-0.010320867260519475
0.27801834630457817,3.733307005514545,3.5968849296890193,0.928251539070149,1.0057398768743882,-0.01059528346292137
0.28232624507910387,3.680458536448758,3.542001558232087,0.9261762433558495,1.005905900531532,-0.01087557944542784
0.28670089481484573,3.6284755024792945,3.487955629318178,0.9240458322547118,1.006076333419623,-0.01116179833533729
0.2911433298190279,3.577345406367916,3.4347343647597595,0.921859128590655,1.0062512697127477,-0.011453978192989012
0.29565460042548164,3.52705594403741,3.3823251813463506,0.9196149468002098,1.0064308042559833,-0.011752151640709111
0.300235773242978,3.4775950013507364,3.330715687869444,0.9173120939625576,1.0066150324829954,-0.0120563454802357
0.30488793140740844,3.4289506509263794,3.2798936821928306,0.9149493709042974,1.0068040503276563,-0.01236658029904476
0.3096121748378716,3.3811111489891186,3.229847148367631,0.912525573381227,1.0069979541295018,-0.012682870066085485
0.31440962049673155,3.334064932255392,3.180564253791323,0.9100394933393375,1.007196840532853,-0.013005221717527644
0.3192814026537016,3.2878006148526056,3.1320333464101515,0.9074899202571124,1.007400806379431,-0.013333634733221736
0.32422867315402276,3.242306985271577,3.084242951964203,0.9048756425710961,1.0076099485943124,-0.013668100704678226
0.3292526016907969,3.197573003351488,3.0371817712745246,0.9021954491865602,1.0078243640650753,-0.014008602895482041
0.33435437608153906,3.153587797296669,2.9908386775716367,0.8994481310749145,1.008044149514007,-0.014355115795174013
0.33953520254901615,3.110340660724583,2.945202713864809,0.8966324829593376,1.008269401363253,-0.014707604667752037
0.34479630600643624,3.0678210497444427,2.9002630903514763,0.8937473050898798,1.0085002155928096,-0.015066025096069873
0.3501389303470575,3.026018580065883,2.8560091818661824,0.8907914051090569,1.0087366875912755,-0.015430322523541424
0.35556433873828425,2.9849230241371854,2.812430525368455,0.8877636000086949,1.0089789119993045,-0.01580043179469195
0.36107381392032,2.9445243083125736,2.769516817469004,0.8846627181784931,1.0092269825457205,-0.01617627669623443
0.3666686585094487,2.9048125100481244,2.7272579119936724,0.8814876015464639,1.0094809918762828,-0.01655776950048874
0.3723501953060145,2.8657778551259256,2.6856438175845567,0.8782371078110613,1.0097410313751152,-0.01694481051310226
0.3781197676071744,2.8274107149060943,2.6446646953377266,0.8749101127644421,1.0100071909788446,-0.017337287627172265
0.3839787395244966,2.7897016036063707,2.604310856476998,0.8715055127059029,1.0102795589835278,-0.01773507588601227
0.38992849630648013,2.7526411756090075,2.564572760063192,0.8680222269441162,1.0105582218444706,-0.018138037056944497
0.39597044466607223,2.7162202227947474,2.525441010738352,0.8644592003863227,1.010843263969094,-0.018546019218638365
0.40210601311325883,2.6804296719037284,2.4869063565043876,0.8608154062121665,1.0111347675030267,-0.01895885636464827
0.4083366522928125,2.645260581923171,2.448959686535594,0.8570898486293357,1.0114328121096532,-0.01937636802593252
0.4146638353272696,2.6107041415018366,2.4115920290245696,0.8532815657076516,1.0117374747433878,-0.019798358915255696
0.4210890581652239,2.5767516663911936,2.37479454906099,0.8493896322876671,1.0120488294169867,-0.020224618596489493
0.42761383993501706,2.543394596913378,2.3385585465427554,0.8454131629592663,1.0123669469632588,-0.02065492118192886
0.4342397233039088,2.5106244954560233,2.302875454119005,0.8413513151051392,1.0126918947915888,-0.021089025060829485
0.4409682748428131,2.4784330439941282,2.2677368351645217,0.8372032920033814,1.0130237366397294,-0.021526672662447798
0.44780108539668545,2.446812041639178,2.2331343817850464,0.8329683459828202,1.0133625323213744,-0.021967590256923547
0.4547397704606499,2.415753402215785,2.199059912853022,0.8286457816240154,1.0137083374700788,-0.022411487797385294
0.4617859705619533,2.3852491518661925,2.1655053720733157,0.8242349589982034,1.0140612032801437,-0.022858058806679144
0.468941351647839,2.3552914266830123,2.132462826078452,0.8197352969357848,1.0144211762451372,-0.02330698031211869
0.47620760547942975,2.3258724703706632,2.0999244625529108,0.8151462763152671,1.0147882978947786,-0.023757912831627124
0.48358645003171413,2.2969846319360023,2.067882588386045,0.8104674433629028,1.0151626045309678,-0.0242105004145892
0.4910796298997312,2.2686203634087163,2.036329627853186,0.8056984129525809,1.0155441269637935,-0.024664370740649002
0.4986889167110482,2.2407722175920934,2.0052581208244957,0.8008388718948816,1.0159328902484095,-0.025119135279577934
0.5064161095446308,2.2134328458448422,1.974660721001154,0.7958885822035467,1.0163289134237163,-0.02557438951519399
0.5142630353562008,2.1865949958946995,1.9445301941784652,0.7908473843270153,1.0167322092538387,-0.02602971323613689
0.5222315494101899,2.1602515096845742,1.9148594165354496,0.7857152003320673,1.0171427839734346,-0.026484670896093812
0.5303235357183818,2.1343953212520965,1.885641372950551,0.7804920370260835,1.0175606370379133,-0.02693881204582404
0.5385409074853533,2.1090194546434033,1.8568691553430359,0.7751779890039081,1.0179857608796874,-0.02739167183905038
0.546885607560817,2.084117021862109,1.828535961039702,0.7697732416048513,1.018418140671612,-0.02784277161396807
0.5553596088989733,2.059681220854389,1.8006350911665099,0.7642780737649633,1.0188577540988029,-0.028291619551768763
0.5639649150249798,2.0357053335311845,1.7731599490647514,0.7586928607493831,1.0193045711400492,-0.028737711413189915
0.5727035605086487,2.0121827238285497,1.7461040387313926,0.7530180767492979,1.0197585538600562,-0.029180531353677135
0.5815776114454846,1.9891068358071713,1.7194609632832076,0.747254297327868,1.0202196562137706,-0.029619552817293077
0.5905891659451753,1.9664711917921547,1.6932244234443516,0.7414022016993768,1.0206878238640498,-0.030054239509020374
0.5997403546276521,1.944269390554144,1.667388216057011,0.7354625748258586,1.0211629940139313,-0.030484046444592978
0.6090333411268367,1.922495105532875,1.6419462326147771,0.7294363093155519,1.0216450952547558,-0.030908421076451437
0.6184703226021934,1.9011420831042667,1.6168924578184014,0.7233244071077246,1.022134047431382,-0.03132680449385668
0.6280535302582078,1.8802041408921364,1.5922209681535844,0.7171279809287242,1.022629761525702,-0.031738632694619406
0.6377852298719153,1.859675166125633,1.5679259304904682,0.7108482555045279,1.0231321395596378,-0.0321433379253107
0.6476677223286031,1.8395491140434532,1.5440016007044985,0.7044865685156003,1.023641074518752,-0.032540350086219756
0.6577033441658139,1.8198200063458878,1.520442322318327,0.6980443712805272,1.0241564502975578,-0.032929098196723565
0.667894468125775,1.8004819296957155,1.4972425251644461,0.6915232291556672,1.0246781416675466,-0.03330901191613339
0.6782435037163955,1.7815290342688992,1.4743967240682123,0.6849248216389552,1.0252060142688837,-0.03367952311449494
0.6887528977809474,1.7629555323560437,1.4518995175509843,0.6782509421670175,1.0257399246266385,-0.034040067487243954
0.6994251350765791,1.7447556970154545,1.429745586553036,0.6715034975958827,1.0262797201923295,-0.0343900862070688
0.7102627388617911,1.726923860778627,1.407929693175962,0.6646845073568217,1.0268252394114543,-0.034729027605809704
0.7212682714930152,1.7094544144088915,1.3864466794442711,0.65779610228021,1.0273763118175832,-0.035056348878737466
0.7324443350304375,1.6923418057138808,1.3652914660858753,0.6508405230817597,1.0279327581534592,-0.03537151780311226
0.7437935718532088,1.6755805384123899,1.3444590513311867,0.6438201185070266,1.028494390519438,-0.035674014462528596
0.7553186652841878,1.6591651710561066,1.3239445097305402,0.6367373431317382,1.029061012549461,-0.035963332968214023
0.767022340224364,1.6430903160065977,1.3037429909896587,0.6295947548172038,1.0296324196146236,-0.03623898316817243
0.7789073637971122,1.6273506384678167,1.2838497188228888,0.6223950118218541,1.0302083990542517,-0.03650049233485264
0.7909765460024283,1.6119408555743018,1.2642599898239335,0.6151408695717862,1.0307887304342571,-0.03674740682188353
0.8032327403813039,1.5968557355351007,1.2449691723538168,0.6078351770950717,1.0313731858323942,-0.03697929368035545
0.8156788446903941,1.582090096833342,1.225972705445816,0.6004808731264767,1.031961530149882,-0.03719574222514242
0.8283178015871405,1.5676388074812473,1.207266097727103,0.5930809818911479,1.0325535214487083,-0.037396365541858156
0.8411525993255102,1.5534967843302407,1.188844926356839,0.5856386085777266,1.033148911313782,-0.03758080192521943
0.8541862724625114,1.5396589924356876,1.1707048359804777,0.5781569345132215,1.0337474452389424,-0.0377487162398545
0.8674219025756646,1.5261204444756418,1.152841537700013,0.5706392120538005,1.034348863035696,-0.03789980119494175
0.8808626189915831,1.5128762002228644,1.1352508080599515,0.5630887592074615,1.0349528992634032,-0.03803377852449289
0.8945115995258468,1.4999213660692239,1.1179284880487512,0.5555089540062202,1.0355592836795025,-0.038150400065602386
0.908372071234339,1.487251094601449,1.1008704821154975,0.5479032286470896,1.036167741708233,-0.03824944872756855
0.9224473111762268,1.4748605842270806,1.0840727572015842,0.5402750634226213,1.0367779949261904,-0.03833073934544472
0.9367406471887616,1.4627450788493237,1.0675313417871692,0.5326279804631792,1.0373897615629457,-0.03839411941229802
0.9512554586740871,1.4508998675893747,1.0512423249521803,0.5249655373143609,1.0380027570148511,-0.038439469685229335
0.9659951773982377,1.43932028455467,1.0352018554516484,0.5172913203740999,1.038616694370072,-0.038466704661036175
0.9809632883025183,1.428001708651376,1.01940614080515,0.5096089382149227,1.0392312849428063,-0.038475772918269736
0.9961633303274555,1.4169395634393374,1.0038514464001433,0.5019220148176272,1.0398462388145897,-0.038466657323341674
1.0115988972495167,1.4061293170275655,0.9885340946089863,0.4942341827432439,1.0404612653805405,-0.0384393750992644
1.0272736385307937,1.3955664820082738,0.9734504639194281,0.48654907627057375,1.041076073898354,-0.03839397775655213
1.0431912601818527,1.3852466154273455,0.9585969880783669,0.4788703245268306,1.0416903740378536,-0.038330550886757866
1.0593555256379534,1.375165318789056,0.9439701552486744,0.4712015446389596,1.0423038764288832,-0.03824921382006495
1.0757702566488456,1.3653182380927722,0.9295665071788849,0.4635463349330685,1.0429162932053546,-0.03815011914928035
1.092439334182355,1.3557010638993001,0.9153826383855521,0.4559082682090694,1.0435273385432744,-0.03803345212348014
1.1093666993419626,1.3463095314244913,0.901415195348089,0.44829088511712306,1.04413672919063,-0.03789942991542818
1.1265563542986154,1.3371394206576537,0.8876608757158816,0.4406976876617686,1.0447441849870585,-0.03774830076771639
1.1440123632369623,1.3281865565023085,0.8741164275275121,0.43313213285877245,1.0453494293712982,-0.037580343023350705
1.1617388533162596,1.3194468089367775,0.8607786484418891,0.4255976265686825,1.0459521898745054,-0.03739586404722655
1.179740015646163,1.3109160931920885,0.8476443849811126,0.4180975175299022,1.0465521985976078,-0.0371951990455898
1.19802010627764,1.3025903699446786,0.8347105317848905,0.4106350916127694,1.0471491926709784,-0.03697870979116297
1.2165834472092367,1.2944656455213812,0.8219740308763324,0.40321356631467503,1.047742914694826,-0.03674678326212336
1.2354344274089366,1.2865379721142012,0.8094318709389452,0.3958360855146926,1.0483331131588245,-0.03649983020354956
1.2545775038518534,1.2788034480024164,0.7970810866046621,0.38850571450452837,1.0489195428396378,-0.036238283620298545
1.2740172025740018,1.271258217779573,0.784918757752735,0.38122543531085573,1.0495019651751316,-0.03596259721054119
1.2937581197423982,1.2638984725830043,0.7729420088193234,0.3739981423222908,1.0500801486142168,-0.035673243749363315
1.313804922741741,1.2567204503235478,0.7611480081176202,0.3668266382324073,1.0506538689414073,-0.03537071343193743
1.3341623512779301,1.2497204359132184,0.7495339671683494,0.35971363030829934,1.051222909575336,-0.03505551218578615
1.3548352184986856,1.2428947614886536,0.738097140040481,0.35266172699229564,1.0517870618406164,-0.03472815996159521
1.3758284121315283,1.2362398066282507,0.7268348227020047,0.3456734348425262,1.0523461252125978,-0.034389189011895006
1.3971468956393984,1.2297519985609855,0.7157443523806093,0.3387511558161519,1.0528999075347079,-0.034039142166719445
1.4187957093941699,1.223427812365024,0.7048231069341216,0.33189718489721776,1.0534482252082227,-0.03367857111507358
1.4407799718683647,1.2172637711543146,0.6940685042305432,0.3251137080692686,1.0539909033544586,-0.03330803470070246
1.4631048808453184,1.211256446251482,0.6834780015375544,0.31840280063113197,1.0545277759495095,-0.03292809724026077
1.4857757146481032,1.2054024573454392,0.6730490949213312,0.3117664258525763,1.0550586859317939,-0.032539326871537835
1.5087978333874923,1.1996984726322566,0.6627793186545345,0.3052064339649617,1.055583485282803,-0.0321422939389077
1.5321766802292627,1.1941412089379453,0.652666244633333,0.29872456148049137,1.0561020350815606,-0.03173756942265165
1.555917782681133,1.1887274318219327,0.6427074818033224,0.29232243083226267,1.056614205533419,-0.03132572341824897
1.5800267538996429,1.1834539556601258,0.6329006755942034,0.28600155032601504,1.0571198759739189,-0.030907323671158605
1.604509294017284,1.1783176437065856,0.6232435073630853,0.27976331439327945,1.0576189348485376,-0.03048293417202451
1.6293711914901932,1.1733154081329564,0.6137336938462857,0.2736090041345624,1.058111279669235,-0.030053113816638822
1.6546183244667283,1.1684442100449097,0.604368986619493,0.2675397881402377,1.058596816948781,-0.02961841513439515
1.6802566621772517,1.1637010594749877,0.595147171566167,0.26155672357598636,1.0590754621139211,-0.029179383088364746
1.706292266345446,1.1590830153513492,0.5860660683540517,0.2556607575189061,1.0595471393984874,-0.02873655394953719
1.7327312926215017,1.1545871854420284,0.5771235299196736,0.24985272852981902,1.0600117817176145,-0.02829045424718929
1.759579992037507,1.1502107262744352,0.5683174419607085,0.24413336844682657,1.0604693305242539,-0.02784159979678539
1.7868447124853946,1.1459508430299339,0.5596457224360921,0.23850330438479617,1.0609197356492164,-0.0273904948062733
1.8145319002177869,1.1418047894134322,0.5511063210737581,0.23296306092521443,1.0613629551259829,-0.02693763106112687
1.842648101372089,1.137769867498028,0.542697218885891,0.22751306248069655,1.0617989550015443,-0.026483487188000945
1.8711999635182177,1.1338434275448344,0.5344164276915689,0.22215363581839012,1.0622277091345287,-0.026028527996409145
1.90019423723029,1.1300228677982143,0.5262619896466969,0.21688501272657684,1.0626491989818738,-0.025573203897414
1.9296377776826792,1.1263056342567301,0.5182319767811085,0.21170733280890125,1.0630634133752879,-0.025117950397930144
1.9595375462707956,1.1226892204201924,0.5103244905427325,0.2066206463908905,1.0634703482887287,-0.024663187668889485
1.9899006122569847,1.1191711670132658,0.5025376613487144,0.2016249175237209,1.0638700065981024,-0.02420932018519951
2.020734154441926,1.1157490616861658,0.49486964814338674,0.19672002707056013,1.0642623978343553,-0.02375673643514566
2.0520454628619316,1.1124205386930335,0.4873186379629852,0.19190577586123977,1.064647537931101,-0.023305808696642488
2.083841940512545,1.1091832785486357,0.47988284550700544,0.18718188790149878,1.06502544896788,-0.02285689287752868
2.116131105098844,1.1060350076640904,0.4725605127161014,0.18254801362356896,1.0653961589101144,-0.022410328416924287
2.1489205908128697,1.1029734979623633,0.4653499083564233,0.17800373316544416,1.0657597013467646,-0.02196643824452539
2.1822181501385916,1.099996566474319,0.45824932761029896,0.17354855966678134,1.0661161152266574,-0.0215255287946002
2.2160316556848443,1.0971020749161486,0.45125709167315986,0.1691819425700115,1.066465444594399,-0.021087890071368492
2.2503691020466627,1.0942879292490233,0.44437154735661866,0.164903270915893,1.0668077383267285,-0.020653795762393533
2.285238607695462,1.0915520792218505,0.43759106669760195,0.16071187662340422,1.0671430498701278,-0.02022350339658825
2.3206484168985053,1.0888925178980262,0.4309140465734476,0.1566070377445531,1.0674714369804357,-0.019797254543435616
2.3566069016681035,1.086307281167097,0.42433890832287674,0.152587981685358,1.0677929614651713,-0.019375275050042853
2.393122563741041,1.0837944472422523,0.4178640973727452,0.14865388838493335,1.0681076889292054,-0.018957775312689287
2.430204036588648,1.0813521361445748,0.4114880828704946,0.14480389344529443,1.0684156885243765,-0.018544950579587504
2.4678600874580336,1.078978509174987,0.40520935732220886,0.14103709120515284,1.0687170327035878,-0.018136981281651175
2.5060996194449423,1.0766717683748181,0.39902643623619505,0.13735253775163264,1.0690117969798694,-0.01773403338815356
2.544931673598731,1.0744301559759246,0.3929378577720015,0.133749253864472,1.0693000596908422,-0.017336258784261812
2.5843654310599633,1.072251953841281,0.38694218239479217,0.13022622788789356,1.0695819017689685,-0.016943795667544854
2.624410215231124,1.0701354828969547,0.3810379925349944,0.1267824185259247,1.069857406517926,-0.016556768960673564
2.66507549398097,1.0680791025563585,0.37522389225314023,0.1234167575575227,1.0701266593953982,-0.016175290737660223
2.7063708818830383,1.0660812101376647,0.36949850690982167,0.12012815246840933,1.0703897478025273,-0.01579946066111772
2.748306142488838,1.064140240275244,0.36386048284068173,0.11691548899704422,1.0706467608802366,-0.01542936642815667
2.7908911906362674,1.0622546643259745,0.35830848703636486,0.11377763359266165,1.070897789312587,-0.015065084222678661
2.8341360947937977,1.060422989771243,0.35284120682735126,0.11071343578376548,1.0711429251372988,-0.014706679171965697
2.8780510794409824,1.0586437596154386,0.34745734957359925,0.10772173045591768,1.0713822615635267,-0.014354205805607484
2.9226465274858513,1.0569155517817153,0.342155642358924,0.10480134003806783,1.0716158927969546,-0.014007708514949303
2.967932982719762,1.055236978505774,0.33693483169003957,0.10195107659705625,1.0718439138722355,-0.013667222011382688
3.0139211523102922,1.053606685728384,0.3317936832001924,0.09916974384027795,1.0720664204927777,-0.013332771781937694
3.0606219093327462,1.052023352487347,0.32673098135731915,0.09645613902682519,1.072283508877854,-0.013004374540769428
3.108046295340915,1.0504856903095656,0.32174552917665344,0.09380905478772313,1.072495275616982,-0.012682038675260871
3.156205522977641,1.0489924426038608,0.3168361479377223,0.091227280856154,1.0727018175315077,-0.012365764685590091
3.205110978625849,1.0475423840551479,0.31200167690565817,0.08870960570880784,1.0729032315432954,-0.012055545616730078
3.2547742251006513,1.0461343200205544,0.3072409730567643,0.08625481811972505,1.073099614550422,-0.011751367481965288
3.3052070043831674,1.0447670859280336,0.3025529108082671,0.0838617086281954,1.0732910633097443,-0.011453209677119285
3.356421240396705,1.043439546677999,0.29793638175219245,0.08152907092245527,1.0734776743262036,-0.01116104538479249
3.4084290418259546,1.0421505960484736,0.29339029439330283,0.07925570314107988,1.0736595437487135,-0.010874841968008031
3.461242704979875,1.0408991561042256,0.2889135738910324,0.07704040909410266,1.0738367672724718,-0.010594561352757105
3.5148747166989276,1.0396841766103273,0.2845051618053608,0.07488199940600904,1.0740094400475193,-0.010320160399022558
3.5693377573073715,1.0385046344505515,0.28016401584656353,0.07277929258284829,1.074177656593372,-0.010051591259941291
3.6246447036112945,1.0373595330509873,0.2758891096287819,0.07073111600578784,1.0743415107195369,-0.009788801728842047
3.6808086319431026,1.036247901809238,0.271679432427352,0.068736306853497,1.0745010954517202,-0.009531735573965652
3.737842821253185,1.0351687955295314,0.2675339889398373,0.0667937129557967,1.0746565029635362,-0.009280332860739643
3.7957607562494813,1.0341212938640487,0.26345179905070754,0.06490219358104657,1.0748078245135162,-0.009034530261539117
3.8545761305857025,1.033104500760757,0.25943189759960716,0.06306062015976246,1.074955150387219,-0.008794261352919955
3.9143028500989345,1.0321175439180041,0.25547333415316215,0.061267876946969654,1.0750985698442423,-0.008559456900360403
3.9749550360974455,1.0311595742461106,0.25157517278026514,0.05952286162579376,1.0752381710699366,-0.008330045130591523
4.036547028699399,1.0302297653361743,0.2477364918307929,0.05782448585478647,1.075374041131617,-0.00810595199163794
4.099093390223323,1.0293273129362772,0.24395638371769787,0.05617167576146016,1.0755062659390833,-0.007887101400725809
4.162608908631104,1.0284514344352715,0.2402339547024261,0.05456337238448193,1.0756349302092414,-0.007673415480247271
4.227108601024342,1.02760136835429,0.23656832468360836,0.05299853206694345,1.0757601174346445,-0.007464814781998725
4.292607717194863,1.0267763738461209,0.2329586269889765,0.05147612680308398,1.0758819098557533,-0.007261218499934899
4.359121743230269,1.025975730202557,0.22940400817045392,0.04999514454079822,1.0760003884367362,-0.007062544671701732
4.426666405175339,1.025198736369819,0.2259036278023734,0.0485545894422124,1.076115632844623,-0.0068687103692293755
4.495257672750168,1.0244447104721361,0.22245665828277356,0.04715348210455692,1.0762277214316354,-0.006679631878681537
4.5649117631259255,1.0237129893435466,0.21906228463772706,0.045790859743507877,1.0763367312205194,-0.006495224870069959
4.635645144759109,1.023002928067971,0.21571970432865498,0.0444657763411091,1.0764427378927113,-0.006315404556852722
4.707474541285214,1.0223138995275942,0.21242812706258085,0.04317730276032444,1.076545815779174,-0.00614008584584265
4.7804169354727435,1.0216452939595817,0.20918677460527998,0.041924526828205536,1.0766460378537435,-0.005969183477757701
4.854489573238469,1.0209965185211396,0.20599488059728016,0.040706553389594946,1.0767434757288323,-0.005802612158748831
4.929709967724922,1.0203669968629177,0.2028516903726698,0.039522504333217835,1.0768381996533425,-0.005640286683242688
5.006095903441069,1.019756168710746,0.19975646078067028,0.03837151859194788,1.0769302785126442,-0.005482122048436761
5.083665440467111,1.0191634894556805,0.1967084600099324,0.037252752118966656,1.0770197798304826,-0.005328033560783733
5.162436918724501,1.0185884297523282,0.19370696741551138,0.03616537784146596,1.0771067697726828,-0.005177936934798978
5.24242896231207,1.0180304751254101,0.19075127334848418,0.035108585593478486,1.0771913131525217,-0.005031748384522267
5.323660483909356,1.0174891255845122,0.18784067898816564,0.03408158202935287,1.0772734734376517,-0.0048893847079597135
5.406150689248178,1.016963895246971,0.18497449617688477,0.033083590519324454,1.077353312758454,-0.004750763364826991
5.489919081653474,1.0164543119688259,0.1821520472572824,0.032113851028568154,1.0774308919177145,-0.004615802547908666
5.574985466654523,1.0159599169837685,0.17937266491209117,0.031171619981055516,1.0775062704015155,-0.004484421248341676
5.661369956667599,1.0154802645500136,0.17663569200636042,0.030256170109475882,1.077579506391242,-0.00435653931512383
5.74909297575119,1.015014921605011,0.17394048143208846,0.029366790292419943,1.0776506567766064,-0.004232077509140307
5.838175264434903,1.0145634674279034,0.1712863959552255,0.02850278537996459,1.0777197771696028,-0.0041109575519931215
5.9286378846231855,1.0141254933096475,0.1686728080650111,0.027663476008739557,1.0777869219193008,-0.003993102169909973
6.020502224575035,1.0137006022306971,0.16609909982561072,0.026848198407499985,1.0778521441274,-0.0038784351330003273
6.11379000396087,1.013288408546147,0.16356466273001555,0.026056304194174016,1.077915495664466,-0.003766881290117631
6.208523278997751,1.0128885376782386,0.16106889755617235,0.0252871601653018,1.077977027186776,-0.0036583665995777222
6.3047244476641815,1.012500625816116,0.15861121422530797,0.024540148078730548,1.0780367881537016,-0.00355281815597433
6.402416254995708,1.0121243196227279,0.15619103166241577,0.02381466443038114,1.0780948268455695,-0.003450164213323627
6.501621798462554,1.0117592759487608,0.15380777765887138,0.02311012022585411,1.0781511903819316,-0.0033503342047607534
6.602364533430635,1.011405161553492,0.15146088873714353,0.022425940747596202,1.0782059247401923,-0.0032532587590021478
6.704668278707137,1.0110616528324459,0.14914981001757036,0.021761565318306066,1.0782590747745355,-0.00315886971377887
6.8085572221720465,1.0107284355517387,0.14687399508716809,0.021116447061213805,1.078310684235103,-0.003067100126437102
6.914055926496942,1.0104052045889946,0.14463290587044145,0.020490052657829605,1.0783607957873735,-0.002977884281893546
7.021189334952396,1.0100916636807111,0.14242601250216536,0.01988186210371742,1.0784094510317026,-0.0028911576981249325
7.129982777305363,1.0097875251759616,0.1402527932021079,0.019291368462812833,1.0784566905229749,-0.002806857129362567
7.240461975807945,1.0094925097963077,0.13811273415166475,0.018718077620768683,1.0785025537903385,-0.0027249205671547815
7.352653051278958,1.009206346401809,0.136005329372376,0.018161508037778426,1.0785470793569778,-0.0026452872394522827
7.4665825292797265,1.0089287717630067,0.13393008060629663,0.01762119050129502,1.0785903047598964,-0.002567897607863717
7.582277346385577,1.0086595303387604,0.13188649719819254,0.017096667879032502,1.0786322665696775,-0.0024926933632213617
7.699764856554507,1.0083983740598261,0.12987409597953362,0.016587494872608428,1.0786730004101912,-0.0024196174195896553
7.819072837594538,1.0081450621180474,0.1278924011542576,0.01609323777215786,1.0787125409782274,-0.002348613906842304
7.940229497731273,1.007899360761049,0.12594094418627644,0.01561347421222317,1.0787509220630223,-0.002279628161927002
8.063263482277227,1.0076610430923123,0.12401926368869941,0.01514779292919946,1.0787881765656642,-0.002212606718930313
8.1882038804045,1.0074298888765199,0.12212690531474649,0.014695793520591681,1.0788243365183527,-0.002147497298049021
8.315080232022389,1.0072056843500459,0.12026342165032611,0.014257086206317614,1.0788594331034946,-0.0020842487935682813
8.443922534761537,1.0069882220364899,0.11842837210825274,0.01383129159226991,1.0788934966726185,-0.0020228112609411283
8.574761251066391,1.00677730056713,0.116621322824077,0.013418040436330091,1.0789265567650936,-0.00196313590305833
8.707627315397453,1.0065727245061926,0.11484184655350696,0.013016973417010093,1.0789586421266393,-0.0019051750557924363
8.842552141545191,1.006374304180818,0.11308952257139364,0.012627740904877885,1.0789897807276099,-0.001848882172894613
8.979567630057272,1.0061818555156268,0.1113639365722581,0.012250002736908334,1.0790199997810472,-0.0017942118103181585
9.118706175780854,1.0059951998717651,0.10966468057233655,0.011883427993884628,1.0790493257604892,-0.001741119610037941
9.260000675521784,1.0058141638903322,0.10799135281311972,0.011527694780960916,1.0790777844175232,-0.0016895622834305671
9.403484535822448,1.0056385793400824,0.10634355766636436,0.011182490011483557,1.0791054007990812,-0.001639497594275933
9.549191680860142,1.0054682829693007,0.1047209055405541,0.0108475091941554,1.0791321992644676,-0.0015908843414368001
9.69715656046784,1.0053031163617452,0.10312301278878752,0.010522456223615648,1.0791582035021108,-0.001543682341269234
9.84741415827924,1.0051429257965647,0.10154950161807172,0.010207043174496817,1.0791834365460402,-0.0014978524098131511
10.0,1.004987562112089,0.1,0.009900990099009901,1.0792079207920793,-0.0014533563448087927
