snr,rep,zero_error,pole_error_max,relative_fit_rms,design_condition_number
30.0,0,0.007181938042370251,0.006564610014897368,0.035079714796716156,271.8105720634655
30.0,1,0.011848212030396186,0.010547334080538297,0.03639311541900567,266.2393713934112
30.0,2,0.01162342586917562,0.0100699651124606,0.038233514504554644,262.04433974686503
30.0,3,0.01114074026211022,0.009776026823425883,0.03855487715479615,267.3681985919317
30.0,4,0.009590939394242421,0.009212502093587836,0.03807894590159184,255.7411949562185
30.0,5,0.0076650858731290485,0.007023753306684501,0.0358096466989798,266.2930145878843
30.0,6,0.012477802229163363,0.010841740569888094,0.037513166010447886,259.0574215255167
30.0,7,0.012367827923653967,0.010753368749877335,0.038615932062711016,259.5257446595551
30.0,8,0.010082875719070733,0.009114126742557781,0.03784731490070654,259.2541932597889
30.0,9,0.012655850894965657,0.011190373058278157,0.038125200487734094,255.81985427628913
30.0,10,0.014889306745501235,0.012658304653480133,0.0408447740278961,251.159771588756
30.0,11,0.012946979905946046,0.011262507370191915,0.03811280489308666,262.8692287868784
30.0,12,0.00924838252673838,0.009231707154776777,0.03726785125978776,269.65009496222376
30.0,13,0.01171703005295426,0.010119177226665835,0.037059277493096995,263.2075851165549
30.0,14,0.012885151666842851,0.011212663710003696,0.039829897065584395,252.59988533040294
30.0,15,0.01014580313399737,0.009193862317638425,0.036642119216407316,261.6528150924518
30.0,16,0.011756705175604305,0.010424987727392728,0.037163949482742896,257.33420175250427
30.0,17,0.011075598432508374,0.009676460902358424,0.03816121869670715,268.9035692028213
30.0,18,0.009640948142456609,0.008450252446534563,0.036295575021317014,263.14792166663665
30.0,19,0.011216835979819878,0.010320032082590998,0.03848453294025535,264.5390575103627
30.0,20,0.009106262606268513,0.008338539966374504,0.03646035067029568,262.86794086271664
30.0,21,0.011264295341788773,0.01023745099635726,0.03571559853794588,267.59836281441466
30.0,22,0.012759354015274555,0.011166024605469012,0.03844648486399248,256.69227762256185
30.0,23,0.011687171816610708,0.009930582113549403,0.03744236920924642,262.1599611898512
30.0,24,0.013125616325054972,0.011261475746112158,0.03580393846739727,276.19521182606115
30.0,25,0.013277086016771545,0.011654223222579377,0.03955151385423455,259.80055357048457
30.0,26,0.008260560226422707,0.007337363290635967,0.03758003459007989,270.1114274955908
30.0,27,0.01244585975643149,0.011025090487670914,0.03988437309935956,257.52271302810607
30.0,28,0.00816321211905065,0.007543042794617737,0.03462544456246802,267.0899318949634
30.0,29,0.011272405876409835,0.009396197720073418,0.03571093269457167,268.57263884973923
30.0,30,0.008835796945502804,0.007340644201462009,0.03464352197514734,272.16546440522956
30.0,31,0.008704689912650844,0.007913745745308927,0.0353608341175937,265.4554752492531
30.0,32,0.01160069083662339,0.00995367845930823,0.03578346168318209,259.2737693883306
30.0,33,0.010867004277342046,0.009496746926123909,0.03745384041401939,261.51294802197583
30.0,34,0.01020785530468542,0.008763730581184731,0.03587187389325013,264.4944711963614
30.0,35,0.015635981204700142,0.013340741586140183,0.03908140607506297,258.33366577199627
30.0,36,0.014622552412619583,0.012744408654427062,0.03951635199898546,259.5640181987841
30.0,37,0.010050043487588315,0.009124767859875878,0.03623991435939688,258.23499933152124
30.0,38,0.016461278563466682,0.014154225208130249,0.04425911345034544,250.81910314686303
30.0,39,0.009573615815220196,0.008447576337631964,0.035991723144916186,266.51691748483364
30.0,40,0.014326815287124262,0.012259958482280597,0.03925324660667814,257.24419580903145
30.0,41,0.011713150561069339,0.010325956913969406,0.036573701023982955,253.52613626011933
30.0,42,0.012323221124032148,0.011010037699465606,0.03751886801460935,260.2019011093376
30.0,43,0.008501948698448432,0.007940675010383461,0.03578878730795779,260.91389225691563
30.0,44,0.010606265882666607,0.00967050141182373,0.0373746162518937,263.68499724148637
30.0,45,0.010651300331759598,0.009873858766257869,0.04016881450439285,264.70092394975677
30.0,46,0.012145563942227862,0.010449516824036695,0.03779856349296146,256.6750954946369
30.0,47,0.010361922504075178,0.009328224463586948,0.03570713021429032,261.6184468067811
30.0,48,0.010803374342020474,0.009728478934215376,0.03688165240465297,265.5155234050352
30.0,49,0.007650628671675613,0.007064853123424561,0.035000910001487896,268.2123571048249
30.0,50,0.009716643235239443,0.00884461972937593,0.03678695450085169,259.47063368993304
30.0,51,0.00920020840773909,0.008270445459159304,0.03776924151387598,261.1683572678825
30.0,52,0.010557922550739639,0.009649583258335523,0.03681211829090495,263.01966103638273
30.0,53,0.012463541348079223,0.01076289317717802,0.03789111362099323,266.4995387218338
30.0,54,0.01245235874460406,0.01105108222664348,0.03942018964060463,256.847105103493
30.0,55,0.007846543157154225,0.007243448750779484,0.036248202450369006,268.32500137778334
30.0,56,0.013230068859113726,0.01150788950975496,0.03794119317520176,254.99124888595446
30.0,57,0.010635764923403462,0.00959871393551872,0.03763570181033792,259.72316798184846
30.0,58,0.0125569975257537,0.01053009428104055,0.03820301699000925,262.91729399448747
30.0,59,0.010832633874823548,0.00966125894273806,0.03609973982912235,265.3121557672103
30.0,60,0.015077551393281836,0.012888038870641983,0.04031164944808283,260.54746183883714
30.0,61,0.011818274622417756,0.010162430148743339,0.03732454698706425,269.4961372446043
30.0,62,0.015202795056696973,0.012954609344367561,0.04004755899603475,252.76680191399367
30.0,63,0.014231086751134013,0.012449858026401578,0.038926217119657026,253.67809394830843
30.0,64,0.011139667048580118,0.009646818490462816,0.03564532904480478,265.33665680372866
30.0,65,0.012943814791394247,0.011039257739391756,0.037638481056381234,260.03931469251324
30.0,66,0.009471163183594443,0.008694777709609301,0.03452096509926049,271.288618723201
30.0,67,0.01149970026628991,0.009699840203826873,0.03688333839924368,263.256807553763
30.0,68,0.013286086147751267,0.011911632932056649,0.0398341817302506,253.479768353479
30.0,69,0.012038569998876479,0.01029203264485047,0.036595058319016854,262.54749519673754
30.0,70,0.010818692349394027,0.009604103259673386,0.03612560237210199,267.42903045947
30.0,71,0.011024899493370287,0.009608570822022712,0.038751585932726866,261.07600277752033
30.0,72,0.010287605760217823,0.008998606899095735,0.035599656193481016,268.1452342788179
30.0,73,0.014046987286120126,0.012205827197240952,0.03985624424820989,260.4769507176284
30.0,74,0.010702642461856727,0.009689247079182828,0.036597737667112606,259.7826362231881
30.0,75,0.008652607011124613,0.007856103726328102,0.035221718882892765,266.6874063856487
30.0,76,0.009712490088596558,0.00883194083867619,0.03744278258428148,256.3153596482813
30.0,77,0.013285203472563078,0.011663069278738903,0.04010662014602103,255.38836897440345
30.0,78,0.012548414756760893,0.01110375551996923,0.03868978180714229,268.71176581681516
30.0,79,0.01039659807894931,0.00903854912548424,0.03639220392256834,261.60836315436137
50.0,0,0.005217747938738168,0.004698185905246108,0.022253549034005823,281.07076382855
50.0,1,0.004960021859498894,0.004403697592852055,0.020609865498618766,284.58077477298053
50.0,2,0.0073825236840856095,0.006438395379964903,0.021138375216010263,282.20045381536136
50.0,3,0.007397904640190971,0.006515117601332399,0.022499382748933337,277.0999988708054
50.0,4,0.004406075407044136,0.004139487943219822,0.02105557665275403,280.0080268569494
50.0,5,0.006183411011320416,0.005288287938967596,0.021784035486765035,282.88056141496037
50.0,6,0.008049373631350859,0.006955516922511629,0.020968423630452978,281.01567358138595
50.0,7,0.004468384057793453,0.003935702405828576,0.021297035363740363,285.40565744012514
50.0,8,0.0045219380058634856,0.003849995211299471,0.020594092356026366,287.03783872555584
50.0,9,0.004824564123427885,0.004425670620073184,0.020918679286318725,279.9295280517235
50.0,10,0.006274676527381221,0.005680813139955393,0.021870278642849527,278.2338573531028
50.0,11,0.004976559855653443,0.004419720142135193,0.02040609903094836,286.44720057967436
50.0,12,0.007179270181157918,0.006299402446156735,0.021264351086642746,283.2506433832193
50.0,13,0.004194921315084303,0.004187532052051194,0.02066736157302047,282.4180588473211
50.0,14,0.00432886608438106,0.0039007896811997316,0.02085936367406596,284.4860621040887
50.0,15,0.003576466856817087,0.0033362314711158606,0.020231280671620548,284.902089985934
50.0,16,0.007572816196501018,0.006658953067824445,0.020691002804905295,282.03510290943103
50.0,17,0.00546742919937167,0.0048124735428297215,0.020635291877275606,281.67974958370735
50.0,18,0.00785860286786109,0.006614378161062911,0.02104219756301039,281.0931442209235
50.0,19,0.00819526320085728,0.007076390239161303,0.022620990821693686,275.8914142348946
50.0,20,0.006187811766919487,0.005691992551904019,0.021406667209587248,281.06823619212287
50.0,21,0.0051150791388480344,0.004738108061272308,0.021888186401015964,281.6132929700589
50.0,22,0.006517377811684245,0.005761609773694057,0.020911148363130492,278.0590502705427
50.0,23,0.0033980308051549148,0.0035638399617349812,0.020563886014060014,284.4991542760208
50.0,24,0.005771986084246356,0.004999478624651549,0.020951809275790455,278.03558116780493
50.0,25,0.004843436691314412,0.00458309269681407,0.02181921262993591,277.8547123282672
50.0,26,0.005236622640421277,0.004884604197113091,0.020340389021064574,281.46001793874774
50.0,27,0.005339189981738993,0.004457507635506444,0.021161021476987486,287.32930434493534
50.0,28,0.004511939572805599,0.003937884000377531,0.021372993457498997,288.5884578988873
50.0,29,0.006154663125443987,0.005580140456937105,0.021242406677171196,281.8746107926624
50.0,30,0.00504398645668772,0.004620133921803446,0.020422255860465446,285.9186194228891
50.0,31,0.00552671778124054,0.004867163986233105,0.02035452265666893,284.82827436641287
50.0,32,0.002248616103541577,0.001993167423331125,0.020955688674865896,290.6649900469022
50.0,33,0.0035140745109331763,0.003135098873160689,0.020516100498123933,290.9169208481493
50.0,34,0.003940028342548805,0.0035674072041266347,0.020534762344183232,284.55154177516374
50.0,35,0.005098733835474648,0.0045860501789109,0.021025989447687302,283.2325887613936
50.0,36,0.004142900800143052,0.0036949925293026974,0.02097806738937988,290.8933595328373
50.0,37,0.005171870709985512,0.0044695340052797435,0.020477096337094523,283.4500646486882
50.0,38,0.005156874762072814,0.004621868220817613,0.020110235669419333,283.92165855742115
50.0,39,0.0058005564984276205,0.005035678997395617,0.02026013424214165,277.9800400947174
50.0,40,0.0041293388617046406,0.004066481428374181,0.02166177175926994,278.74432962533
50.0,41,0.006578414184352225,0.005802643555212175,0.021302215004237453,279.9414438130687
50.0,42,0.006000079356693664,0.005248171641109233,0.02129135893518101,282.7854481662323
50.0,43,0.007797075861874275,0.006847574485064188,0.022712513196822316,276.90013697807825
50.0,44,0.0051694800548722965,0.004575228230479712,0.01973795080899494,284.51467468377075
50.0,45,0.004578457263719812,0.004465894454724687,0.021085606709817833,281.1052881090299
50.0,46,0.005143370208276062,0.004333179443651476,0.020103762406491647,282.74528177377715
50.0,47,0.0038683364093378063,0.003690996028938025,0.02014627384868729,285.56379066539415
50.0,48,0.0036499841145724854,0.003154705770983433,0.021050999529904357,288.04074134599847
50.0,49,0.005995380514807857,0.005151586806206832,0.021142149401245508,280.1926946886001
50.0,50,0.006566897768996224,0.0056763186354937675,0.02190665791252989,279.750566175704
50.0,51,0.007939254533403543,0.00685727230104188,0.021415054927972053,278.8121687798834
50.0,52,0.006810528304568034,0.0059237335101502845,0.021973835730607835,282.91888602266147
50.0,53,0.005186853544848396,0.004374495945708803,0.02118287838966638,284.8919066475335
50.0,54,0.00341864328529726,0.003463116334098409,0.019589286630956004,279.7094602236257
50.0,55,0.004738201149756764,0.004567813735673549,0.020976724130267715,281.2871530255732
50.0,56,0.006179129842492057,0.0057095767425520355,0.021150992171113745,286.5254771354393
50.0,57,0.005961362370735899,0.005276480954143412,0.020489559003484755,277.6623416958223
50.0,58,0.006322919419291849,0.005319301544380422,0.02193764816869242,283.14416646478793
50.0,59,0.004476274648086854,0.004116433226220607,0.022041257949634137,287.0518203687273
50.0,60,0.005204509025812529,0.004662161897667542,0.021166453841148108,282.9769069793102
50.0,61,0.005105262178901306,0.0044383167593081575,0.02105773900984433,284.1162057469284
50.0,62,0.005052859699829453,0.004546665341855249,0.02107959299755207,283.04319810465955
50.0,63,0.003648808925656401,0.003228773756056165,0.020883225646347484,283.75080366865205
50.0,64,0.004672184871431016,0.004257584370330188,0.021291729792259354,282.24861180277026
50.0,65,0.003604082578084042,0.0030405661037295837,0.02065356721769608,288.68962587246693
50.0,66,0.007901750202831057,0.0070371993064426005,0.02143878000830451,275.9639093240504
50.0,67,0.004544252405909069,0.003957235248911532,0.01948936394515148,283.8915416264932
50.0,68,0.006120969603348843,0.005280464185076412,0.021181477563668283,281.7908429475194
50.0,69,0.00692302739205344,0.006021690344049013,0.022143930733202435,279.0210939768415
50.0,70,0.004353986437170784,0.004355312985726601,0.022082037897665475,288.80916158944046
50.0,71,0.005762137620577443,0.004966574033233493,0.02061109385894512,283.8076558577686
50.0,72,0.004165485066663811,0.003653873661186111,0.020207309657912433,285.8181732113662
50.0,73,0.005109011605015088,0.004391105753141353,0.021051210917354297,282.21094123262816
50.0,74,0.005564385392071631,0.004766006729467066,0.01998268698056988,289.7495216901335
50.0,75,0.0032309175614701514,0.00303457934050331,0.02015000860957601,287.04249357531876
50.0,76,0.005757847870038347,0.005082876622373982,0.019167866162517325,279.8302848870974
50.0,77,0.005516750156056311,0.0048830043620153325,0.021047497829536143,281.74648201310134
50.0,78,0.004840430214615462,0.004327642153290227,0.022386839095537795,283.3574733464735
50.0,79,0.00424014667093473,0.004044112049927017,0.02129259484609373,280.0359555952337
80.0,0,0.0030280212404292335,0.002587074328547314,0.013448686096927547,289.15308517479957
80.0,1,0.0031728216661777316,0.0026661341643984,0.013016603186541274,292.2728741278761
80.0,2,0.0025046428176838005,0.0022825531000460228,0.012782223452588391,291.2011418466576
80.0,3,0.003050989229248128,0.002504284592586003,0.013066764318394727,290.7730661438398
80.0,4,0.0026281864367549306,0.002196892009266886,0.012685682590758182,293.05860013284723
80.0,5,0.003403186537335059,0.002904486711396959,0.013591013894790867,293.76998346955696
80.0,6,0.002431915506807708,0.0018781604065632377,0.013110523723205586,295.94603478908675
80.0,7,0.0021766474526494456,0.0018202507843641076,0.012936156198335876,295.79672220562077
80.0,8,0.0022692544562484254,0.0020697926348982976,0.012855827526282539,290.0428079227791
80.0,9,0.002379802487212083,0.002073749576765352,0.012768690729193823,293.77543225049834
80.0,10,0.0016958845702695574,0.0012411198453470631,0.012266599203759224,298.2570065325739
80.0,11,0.0014163105587900804,0.0010961320354007248,0.012424971231641319,296.364161155988
80.0,12,0.0017244021564092758,0.0017817362416456875,0.01273906770378743,295.01389186059583
80.0,13,0.002273532550121676,0.0020917240422441657,0.01283733452247929,290.0510897967928
80.0,14,0.003261638573864947,0.002894385888709526,0.013285599570333678,291.0998344163765
80.0,15,0.0022509331433893816,0.0020476296691397935,0.012451862824086416,293.25852216567034
80.0,16,0.002366996833563055,0.0021883320450743872,0.013345549500016245,290.2213153904023
80.0,17,0.00367417318324469,0.003393914697793475,0.012986328877265845,289.6969070376286
80.0,18,0.003070420817903853,0.002880983448440681,0.012662330138038375,290.09431814447146
80.0,19,0.0030206394785095765,0.0026848451980689063,0.012842600407504469,292.44154653430485
80.0,20,0.0024078720032664814,0.0021988951051912964,0.012698470250970553,291.82409396135967
80.0,21,0.0027348382507386914,0.0024087805989767377,0.012910018798912452,293.17718399084913
80.0,22,0.002402442166163371,0.001985424102860004,0.012752545893367787,295.6526429466467
80.0,23,0.003567857142816127,0.003127814665202345,0.012928647948654077,289.10412764813753
80.0,24,0.0020791012332502224,0.0017499473167306538,0.012839344961211835,297.48841389803266
80.0,25,0.0016312794228691954,0.0011880705018007633,0.012557310147713698,298.19795447328
80.0,26,0.00300659629919161,0.002666867123470526,0.012819608468201167,295.39528262626703
80.0,27,0.002545284357511605,0.00235788270710657,0.012438746843447793,295.05113923059537
80.0,28,0.0009304888999758255,0.000971409013925104,0.01247575789228614,295.4173388051821
80.0,29,0.002024151404547693,0.0016641620146247693,0.013049070959626792,293.3771702628273
80.0,30,0.0018403841509320761,0.0015475790381916626,0.01251908031977099,292.9682431330221
80.0,31,0.0017464523911295922,0.001515442687212404,0.013085000528491797,293.5533559867976
80.0,32,0.002522902922405277,0.0020788362604357985,0.012270768894945393,293.36911537137246
80.0,33,0.003491201276650103,0.0030635110763833555,0.012677658112594933,289.09603490608674
80.0,34,0.002151799118809809,0.002010382222555065,0.012711346208954536,291.68859988412623
80.0,35,0.0015584655257517624,0.0016322746354426616,0.012420251961119991,293.418233079116
80.0,36,0.002582485085971591,0.0022083656384258308,0.012807046253648896,292.69276001007614
80.0,37,0.002226235406071881,0.0019706929825524687,0.013231892344886014,295.9395274392133
80.0,38,0.0011826728194041097,0.0008370899098642495,0.012599485268579541,296.2103275826022
80.0,39,0.0023126447863067567,0.0022536190056557407,0.012951691172721347,290.20622025324116
80.0,40,0.0028672854287342194,0.0023245278508135414,0.012780617548443365,296.0320889600068
80.0,41,0.003393733839441299,0.003047074370108137,0.012871699979956255,289.4441806698417
80.0,42,0.0012848816310196138,0.0012444333863578575,0.012465181448521658,294.12837304713594
80.0,43,0.001810757532096716,0.0016413043462630596,0.012696220234391967,292.90859998310634
80.0,44,0.001171131055508298,0.0011462914997372729,0.012427759919332867,294.2941142052107
80.0,45,0.0019148952100949434,0.0015355335688646973,0.01318136178195207,299.22272268273707
80.0,46,0.0023587095867710992,0.0020817815437147555,0.013127206420472026,293.42985900853256
80.0,47,0.003543629233618661,0.0030867732742615446,0.012521488349651791,292.6542423386037
80.0,48,0.003016217828547646,0.002667017239596116,0.01305586653920682,293.9689245810301
80.0,49,0.0029033076803658448,0.0024036424028321445,0.012423941811296045,293.59937897164673
80.0,50,0.0009226319521988174,0.0009346154894652588,0.012580757394652354,298.2794994016201
80.0,51,0.00409583457129369,0.0037821334644443936,0.013130795756077432,290.7282127513914
80.0,52,0.002367486635051422,0.0021357120139396495,0.012780373835188971,293.79182850100966
80.0,53,0.0020768850505079005,0.0018596460161059937,0.01222982169953616,293.30371019903015
80.0,54,0.003308183577206446,0.002824732646335799,0.012991281853532165,291.36339078811454
80.0,55,0.0015828454634644604,0.0014485812618594697,0.012683344619830879,298.13466116207115
80.0,56,0.0027828157085708852,0.0024583001821230927,0.012737429229747488,291.4336698407319
80.0,57,0.003082364632697343,0.002781113515056305,0.01288409491092283,292.01122027060364
80.0,58,0.0013944329307830035,0.0015008221460559414,0.012805707998967504,293.5695468476704
80.0,59,0.002795247733888221,0.0025458987504201813,0.012525858562529683,286.7676315446144
80.0,60,0.002510721158784168,0.0020502921283144957,0.012853783776635416,294.81937808828616
80.0,61,0.0028950961884300942,0.002416598061981659,0.013318949183932833,296.33371681762907
80.0,62,0.0032000278855287344,0.002724860290667079,0.013015645616508274,293.84280254343463
80.0,63,0.0028058855669339487,0.00233149410638437,0.012687858260351818,292.6552465249383
80.0,64,0.0025557172654552458,0.002172939894444244,0.012652152775360406,295.8594757729679
80.0,65,0.0027370452402027258,0.0023544142583540144,0.01266986241613571,293.01676461161446
80.0,66,0.0034094807859946117,0.0029725964884961746,0.01349275937090407,292.5901964571356
80.0,67,0.0029142112641794295,0.002572959268744341,0.01256792744938515,291.7672782975228
80.0,68,0.0025550287246508046,0.002227924066530101,0.012710308151750343,297.31366520064216
80.0,69,0.0023168605414732642,0.001958629882288345,0.01253818079253465,295.0552216779662
80.0,70,0.0025696999432966694,0.002246121169628377,0.013309032958195053,293.5649054964719
80.0,71,0.0025064715200144804,0.002292474584195322,0.012706604923332771,292.8536148664954
80.0,72,0.0027595483597496182,0.00250315872181069,0.012917213317317742,289.4164154979333
80.0,73,0.003152749133741905,0.002774781696510886,0.012396067170545684,290.3856160429357
80.0,74,0.003258071425922372,0.0030436951845928145,0.013351695201073523,287.7211806629495
80.0,75,0.0022694438219011638,0.002144732716281069,0.012584071237544977,293.5497126105509
80.0,76,0.003583295798818812,0.003097362859315028,0.013045536460284966,290.3173583414575
80.0,77,0.003470184362293994,0.003007792456687659,0.013530581910870337,291.57105669058024
80.0,78,0.002819307366260608,0.0023898042971674054,0.012930740112255357,292.8951507995854
80.0,79,0.0031240163686892253,0.0027254513351236756,0.013225313183669424,289.3710260619266
120.0,0,0.0021250583133345493,0.0018991848141041282,0.00905540953292464,293.21835772161234
120.0,1,0.0013291420255165335,0.0011778262637655713,0.008636590177755135,298.2241354846569
120.0,2,0.0012963535146595826,0.001095727865895835,0.008620042929803175,297.09554650135533
120.0,3,0.0008007571496075821,0.0006568056074998806,0.008453163771453418,299.9816641170467
120.0,4,0.0016774663648269537,0.0014042407266387192,0.008587753335328656,299.9002126075602
120.0,5,0.0011875053335561995,0.0010503427083745698,0.008410835915833473,298.05103598257193
120.0,6,0.001539565637565705,0.0012538552154340956,0.008695789250195955,298.37572490637535
120.0,7,0.0011647626281239205,0.0011267068404568277,0.008293182629323293,294.4921491892309
120.0,8,0.0013530690834874703,0.0011711470255154385,0.008125646842794435,298.4859595902343
120.0,9,0.0011195506065088117,0.0010450305757715485,0.008654322513386905,299.96893187620316
120.0,10,0.0009248214003470892,0.0008513027644950053,0.008436347210491746,298.9237379371519
120.0,11,0.0012722183035748938,0.0011250828573095653,0.008890954182906452,296.09131115288017
120.0,12,0.0012235815601104767,0.0010568560104105439,0.00859943229507654,298.29582623740964
120.0,13,0.001558035288414845,0.001180592298181358,0.008136830532711256,299.3293188321576
120.0,14,0.0008725485852118663,0.000889950530897985,0.008462469244392277,296.8651081776674
120.0,15,0.0010451718427764711,0.0009641462257430791,0.007866331512816094,297.4992835621146
120.0,16,0.0014308791207501394,0.001270139947749738,0.008414305931666538,298.78200368149476
120.0,17,0.0016892070226027765,0.001499631712260715,0.00894075299073443,297.5020472645936
120.0,18,0.0012328747764776041,0.001121530662517966,0.008223316178405332,299.0334711043049
120.0,19,0.0005629823357415592,0.0005406015151984393,0.008312859654305154,299.8800808797984
120.0,20,0.0005382777463201849,0.00045635440525963457,0.008153661414155099,302.11779007090934
120.0,21,0.0019412147087645444,0.0016814574053556307,0.00843442307783946,295.0853862964441
120.0,22,0.0021070310921424426,0.0018888788675027997,0.008474724197479622,295.38868122783373
120.0,23,0.0016956911261314478,0.0014571087303928503,0.008210998131435878,299.0695021307786
120.0,24,0.0017739009486624623,0.0016064868544718443,0.009088373999623933,294.0287358661594
120.0,25,0.0016106299269941719,0.001434052713930521,0.007897814956370243,296.6562729363874
120.0,26,0.0021935300104249326,0.0019162321584596923,0.008660407923470127,294.2830369431169
120.0,27,0.0015640521486037084,0.0013627532915058583,0.008529037239410661,295.9867621378418
120.0,28,0.0009187538865713905,0.0007789161687698884,0.008453946388938502,299.3864220740775
120.0,29,0.0012613507677457514,0.0012153427061793267,0.008888411882986103,296.19910361882586
120.0,30,0.0011244796449212829,0.0010176711261599988,0.008638909648644465,297.0042512132521
120.0,31,0.0016295917035234876,0.0014422204308543421,0.008506411761707714,295.4545330059957
120.0,32,0.00021793856339283538,6.418270986940694e-05,0.008656312643012436,303.5981123349041
120.0,33,0.001022331439138341,0.0009936999490103187,0.008365987713284794,301.56666569746847
120.0,34,0.00146694887034224,0.0013443225341718652,0.008297152814446688,297.7670154332084
120.0,35,0.0011951920494787623,0.0010248020050721645,0.007938601364223643,298.5338078983255
120.0,36,0.0017798868791414353,0.0016057373327621619,0.008836243122723322,294.34510727562645
120.0,37,0.0015391284322506602,0.0012833105295736785,0.008264049689556324,298.42617504865115
120.0,38,0.0011457867353321578,0.001167149541918346,0.008268302531825308,300.09522802542017
120.0,39,0.0007456452117664902,0.0006962488256135425,0.008142334383656098,300.84694200508346
120.0,40,0.0015010430264802113,0.0012857338651938001,0.008398163516241784,298.2146261528087
120.0,41,0.0010798729705265788,0.0007971319298167256,0.00861995626505041,302.29504274535964
120.0,42,0.00014034317458233087,6.218365659123395e-05,0.008194806204769962,301.1205339351888
120.0,43,0.000918851335557062,0.0008410607476543664,0.008030272197082104,299.96041510315246
120.0,44,0.0012627904153422007,0.001136160536541539,0.008369181509043295,296.84516816376555
120.0,45,0.0007088482613119282,0.0006328780200219249,0.008582486643781648,297.1005422414075
120.0,46,0.001165658957016259,0.0010438647944218732,0.008197583370028938,299.81571647985504
120.0,47,0.0019025086995320805,0.0016308607579887066,0.008246811814445525,296.41572364558533
120.0,48,0.0012040023521678388,0.0010546615006354451,0.008127647505285444,299.6220544254714
120.0,49,0.0006972212280500507,0.0008055300805954041,0.007939905286814552,297.26304618906056
120.0,50,0.0008942596484236729,0.0007626061055644528,0.008297029063449073,301.0912509704507
120.0,51,0.0009447003701106608,0.0008960453586221672,0.00809780045157465,300.27245662894506
120.0,52,0.0008645019705218806,0.0007361504387046154,0.008224995906278674,299.4782851271048
120.0,53,0.0019138745666917954,0.0017286580592268154,0.008164499312730588,297.58963639782365
120.0,54,0.0014060079039219676,0.0011553462821594204,0.008500701970734674,300.22326145421397
120.0,55,0.0025094114356292866,0.0020933298026582334,0.008738357307123664,297.0042129665699
120.0,56,0.001664687515861881,0.0014772877340993881,0.008353341761072209,298.44580569275547
120.0,57,0.0009391803829959106,0.0008939230188207411,0.008256328489432085,299.09235264889327
120.0,58,0.0013415903481325201,0.0013737363441144906,0.008612251322119674,296.01815224169695
120.0,59,0.0016567288303098017,0.001500238043499686,0.008194307845235362,297.2649863683881
120.0,60,0.00034212758384473565,0.0003786106114442153,0.008689357728572796,302.8725054303899
120.0,61,0.001223773029488849,0.0011822187131266101,0.008111192518965858,296.84980747027373
120.0,62,0.0021960717516654967,0.0018944402229377137,0.008741704107962173,295.6015700891783
120.0,63,0.0017897679455076035,0.0015222322235172797,0.008551971363126845,299.2463553634358
120.0,64,0.001380201901856377,0.0011714709778055938,0.008945983208679566,297.08241288543894
120.0,65,0.002188215569371367,0.0019825294585525525,0.008771495097392518,296.7552073862936
120.0,66,0.0017297253074034223,0.0015663082983900186,0.008412275197600011,294.95784567811154
120.0,67,0.0006958367471400289,0.0006307468649392098,0.00854149637451997,297.6213111902192
120.0,68,0.0018605164276577157,0.0015733643802026606,0.008345554576586476,295.0405510606358
120.0,69,0.0008400547865373808,0.0007723839439366971,0.008239632678326924,299.7700318382884
120.0,70,0.0010786975629671605,0.0008651987390640273,0.008302049487733335,299.6336379897835
120.0,71,0.0014888774975038274,0.0012238532935562672,0.00881857236065094,301.0904174698072
120.0,72,0.0016846818660158514,0.0014687223008739878,0.008518092540031354,296.4485874379414
120.0,73,0.0008888762585992793,0.0007437427439183399,0.007788493390104782,299.5247267659277
120.0,74,0.0007869502145141495,0.0007299311432968903,0.008513696793728823,303.47592267679704
120.0,75,0.0008956320857669523,0.0008430719032681978,0.008265396372886561,294.99018869299795
120.0,76,0.0023927945928067028,0.0020816717124133425,0.008485432089841151,295.3096517865025
120.0,77,0.0006330647648621514,0.0006626495836486654,0.008231506324694124,297.13583510859434
120.0,78,0.0012313311914815845,0.0010938140693154293,0.00840034182230606,299.04211177653093
120.0,79,0.002205689711097482,0.00192185673516573,0.008650227077656357,294.9063977565482
200.0,0,0.00041973747742429747,0.00030947499863654483,0.005001400298523519,301.8753844314995
200.0,1,0.0006019817798749371,0.00048190032619201085,0.0053488433722015585,301.69182990404096
200.0,2,0.000616378226431654,0.00046285213368996647,0.004941692822321817,300.8061370477841
200.0,3,0.0010121410679509058,0.0008783748857722836,0.005289381984869358,299.71241539371965
200.0,4,0.0007928366869416741,0.000696937448134223,0.004998672818480783,298.4336955450459
200.0,5,0.00043539379809189754,0.0004293426430033558,0.00501731007757296,300.43453574211946
200.0,6,0.000691371740014592,0.0006096872612830578,0.0052910644188631836,299.35371200470644
200.0,7,0.0005535513604950614,0.0005008052414281964,0.004877340408126839,299.11788928642557
200.0,8,0.0004077943122320299,0.00039722128696600707,0.0050244741270075235,300.48996276907224
200.0,9,0.0005502694117096058,0.0005084961633971417,0.005152433936836227,300.0167542069786
200.0,10,0.000761016938557681,0.0007531618136589276,0.004879334904219551,298.1150258671696
200.0,11,0.0007179722162762213,0.0005987740492976664,0.004985080159544709,301.1089666002268
200.0,12,0.00037807281265333066,0.00036349501367997087,0.004858074544291722,299.6525349137719
200.0,13,0.0011604734929130983,0.0009852651108441905,0.0051842660708833095,298.92891225378213
200.0,14,0.0005975343858610964,0.0005034304781443568,0.004788192769368429,301.0005000090753
200.0,15,0.0010514686275663215,0.0009184131077405958,0.00515325282222122,298.90924100222696
200.0,16,0.0004033221023524559,0.00032646709242085297,0.0049215786663826516,303.05833064583476
200.0,17,0.0008263640557693296,0.0006752730558179344,0.005083953172403686,299.12671811111716
200.0,18,0.000871245443089881,0.0007182204992364222,0.004686770040421692,297.7994637247065
200.0,19,0.00045458184022375967,0.0004029854950701546,0.004899156641656419,300.96476549471043
200.0,20,0.0006483331274788434,0.0004901885101318075,0.005038874699671981,302.19810661390187
200.0,21,0.0004320333443546516,0.00037643033329333805,0.004875193855656267,300.67057751259415
200.0,22,0.0004857163522725774,0.0003308660529971673,0.004824468915147278,302.1906342679889
200.0,23,3.4018669907734054e-05,3.639246076800889e-05,0.005051718156956036,301.9009047094971
200.0,24,0.00043811837127472953,0.0003513525254119736,0.005229964203887327,300.7235631289698
200.0,25,0.0006302571551170714,0.0005712626233492399,0.005002790055781852,299.80054564865776
200.0,26,8.924608183071146e-05,0.00013176378726992538,0.005162594050465816,300.5732652566835
200.0,27,0.0005892721843511057,0.0005440654414615748,0.00487549572744735,300.5409133913983
200.0,28,0.000744560797180985,0.0006709830704758115,0.0047139620630206975,302.6139292719285
200.0,29,0.0002087573950467416,0.00024215290710193955,0.005166491682635902,300.29838195793695
200.0,30,0.0003033124935628098,0.00022259056945087344,0.005007503746773101,302.0738014533817
200.0,31,0.0006284808106808653,0.0004901255430984633,0.005135186064978438,300.56150194070034
200.0,32,0.00044714839777235734,0.000439144895953471,0.004944655473633844,300.44125609477123
200.0,33,0.0007600134401586288,0.000646756738946933,0.005046225993309279,299.59666929315136
200.0,34,0.0006347853935771963,0.0006239832331642781,0.004851821737682985,299.87518273628376
200.0,35,0.00013662958989034402,0.00012978860445707766,0.004895564514313076,302.9146360531492
200.0,36,9.664157524127943e-05,0.00016412776840836,0.005014024312108301,301.60116174280455
200.0,37,0.0006016877151777352,0.0005083746961703053,0.005031785941625918,300.22408616487513
200.0,38,0.0006243370307917391,0.000515720396011276,0.0050865025877761426,303.1255900072147
200.0,39,0.0005587974685066689,0.000456005216196081,0.004939211319847155,300.7789609055415
200.0,40,0.0003787358294569758,0.00030493788139340235,0.004939138662971115,301.45668638046396
200.0,41,0.00099020346464471,0.000900743677360583,0.00528624242390906,297.8557798201117
200.0,42,0.00026399283814308234,0.00033582546945550224,0.005091994970647093,297.75831821790746
200.0,43,0.0010393344553644886,0.0008832177814360756,0.004965745594012997,298.97386866832
200.0,44,0.0009278816190953152,0.0007891861345798461,0.005046423357137487,300.12479751979185
200.0,45,0.0003878890152964804,0.00038041543481969386,0.004745154130507877,300.4622767870504
200.0,46,0.00030027108241510443,0.00022780342316753874,0.004854977651278173,301.6320308354749
200.0,47,0.00035129715547547796,0.00029890977350300506,0.004690931009493221,301.44833458865685
200.0,48,0.0007918266126765716,0.0007351007798504059,0.004858842749897678,298.8076606678868
200.0,49,0.001246209801908855,0.0010893276521205992,0.004796755103033825,297.27789806353866
200.0,50,0.000615336376510702,0.0006077408711439306,0.004940006815373186,298.58459382522403
200.0,51,0.0005353035624531372,0.0004199261276354666,0.005118835013173307,303.5960365432362
200.0,52,0.001098644424781155,0.0009665312281879263,0.005009863903605873,298.51454784903524
200.0,53,0.0005085847929477323,0.00041461233553164014,0.00517267575093841,300.8732247280864
200.0,54,7.123508457750588e-05,8.126444201164074e-05,0.004832087130729039,301.16339954657406
200.0,55,0.00024555598628801,0.00017088537994661843,0.005001431664154232,300.99431012221527
200.0,56,0.0004508669543097078,0.0003776915706738525,0.004962463232936922,299.9110275881586
200.0,57,0.0006385106060077995,0.0006256573127523271,0.005015529867509115,298.31793088991816
200.0,58,0.0006752038308553806,0.0005356195567520095,0.005095497460188626,302.2632692492754
200.0,59,0.00021847621620610255,0.00026325885730332023,0.005072452924250035,299.865471555554
200.0,60,0.000397139113605779,0.00033508785675946245,0.004916466411329959,300.31679124120774
200.0,61,0.000429197853057753,0.00038734649612635175,0.005030432089270019,299.91295266916603
200.0,62,0.00034755715792220815,0.0003241644008751486,0.004835790992490637,300.07949667048405
200.0,63,0.00046586997098189715,0.000443141698588763,0.005064599836364604,300.61875424973283
200.0,64,0.00033109113348049667,0.00026521850636605863,0.004986725093029327,300.29890921375386
200.0,65,0.0004906656676236275,0.0004387250222055421,0.004892742930340354,300.11806647204753
200.0,66,0.00041725837450476704,0.00036309971793155186,0.005100179043729859,300.3810902160325
200.0,67,0.0005739248700906226,0.0005402577918086586,0.004905703924175847,301.2032523134481
200.0,68,0.0004854697569916508,0.0005186404824346529,0.004969031086805097,303.2005595435742
200.0,69,0.0005076483714697952,0.000514330673210697,0.004848371261546834,299.3970008764218
200.0,70,0.0004184855341222219,0.000354283328602861,0.004948203353419576,301.94327231587334
200.0,71,0.0003788740925216861,0.00037871095214338316,0.005031404314178868,300.1138451399321
200.0,72,0.000606799519915588,0.0004972812723642947,0.0049376743890906785,299.6361204410309
200.0,73,0.0004144575840940354,0.00039069815092569656,0.005049395486627861,300.25035787184913
200.0,74,0.0007992654852474423,0.0007081869790339141,0.004938546862040291,299.8053706301699
200.0,75,0.0004114037106247551,0.0003654995793269989,0.00488939715888824,299.9769852511887
200.0,76,0.0004662193191189025,0.0004101667045799171,0.004947625475601944,301.88384411339905
200.0,77,0.0004578937408928485,0.00045639040439330615,0.0049563076910649415,302.2270271549626
200.0,78,0.00026195621573454615,0.0002041140081487837,0.005174552669433601,300.90030357115796
200.0,79,0.00035104034130891787,0.0003850033740843542,0.0047936596867610886,300.1833799409726
400.0,0,0.00021919876389775203,0.00020412870151138016,0.002485353725837603,302.2872892755542
400.0,1,0.00010974419897817303,0.00010100765114886142,0.0024625134229849565,301.6014533037007
400.0,2,9.715342711010367e-05,9.97226869921076e-05,0.002508740559060349,303.4703779122033
400.0,3,0.00027159729094799643,0.00021941706780085064,0.0024212001266983854,301.91553279385084
400.0,4,0.0004145217329657307,0.00037070502257448263,0.0025683039112182463,301.6626604388912
400.0,5,0.0003384454314130886,0.000275859591108495,0.002572784730293573,301.4600052569373
400.0,6,0.00023310697861302513,0.00019532721725476113,0.002506390475220382,301.051156245071
400.0,7,2.010245100501884e-05,9.677761314756738e-06,0.002539021550867783,302.8652837720916
400.0,8,0.0005012136852336533,0.00040823435774457907,0.002543325505385544,301.2223856851358
400.0,9,0.00034605771592144586,0.00025314254207539134,0.0025746535039870375,301.97588066559825
400.0,10,0.0004181896817745331,0.0003633592626667019,0.002535374588647962,301.98167956323886
400.0,11,0.0004923315044766373,0.0004242411628194164,0.002569596044667586,300.86125829897935
400.0,12,0.000128027529315162,0.00012406099677654577,0.0025033013794261965,302.03562362253695
400.0,13,6.750664197078899e-05,9.781733109966239e-05,0.0025323934283332694,303.02777259875035
400.0,14,0.00031462582716816574,0.0002760880947268251,0.0024828148868927744,301.7632771049753
400.0,15,0.00020613668927981117,0.0001629852576818104,0.002542821694256743,301.5492847833481
400.0,16,0.0003121815253629702,0.00027538026454923694,0.002445926719284489,300.8241981295959
400.0,17,0.0001978004132369201,0.00015308041681789744,0.0024749266274894633,301.94010995145214
400.0,18,0.00021697154305665126,0.00019631494638163097,0.0023555867883425694,301.24629394261416
400.0,19,0.0002345091389074692,0.00021211402087915784,0.0025604892078291874,301.96760675636443
400.0,20,0.00013261960112002054,0.00011070915176566881,0.002579433628907454,302.046200186911
400.0,21,0.0003117532986323235,0.00029839763104271195,0.002502458082409592,301.04360465542055
400.0,22,0.0003119479375288445,0.00027379721296006,0.002402393540261411,300.99337857593224
400.0,23,0.00021723335225131804,0.00018809084868311006,0.002489138959242448,301.6440081670722
400.0,24,0.0003809969537051315,0.0003300304605558303,0.002431788264014498,302.8027743599887
400.0,25,9.148129784665969e-05,0.00010156574401602066,0.0024945114355984428,301.78512291755425
400.0,26,9.387416160141647e-05,6.408368181266561e-05,0.0025741550191602466,302.4309194463565
400.0,27,8.518271593506122e-05,7.862459886049894e-05,0.0025827146291833043,302.343060152552
400.0,28,0.00034525573825103554,0.0003150681246230333,0.0024299749784716827,302.2476902890012
400.0,29,8.619777360911385e-05,6.49575188952208e-05,0.002458729952006802,301.7898860551016
400.0,30,0.00025284662297743834,0.00023353838477102796,0.0024985014569046996,300.72280638690467
400.0,31,9.926840429645383e-05,7.924618282612327e-05,0.002510330667181861,302.5083977217301
400.0,32,0.00020712499457391638,0.00020755750772093968,0.0025338390226030596,303.56150353143437
400.0,33,0.0002741809350816183,0.0002021190447563397,0.002529046823733087,302.0807855429376
400.0,34,0.00018464846120191226,0.00018160571416826475,0.00247127079650871,302.09440366374184
400.0,35,0.00018818526932036942,0.00018885590060990182,0.0025690477877742166,300.6856956233283
400.0,36,0.00019518685784027193,0.00018952034369547135,0.002601324609761654,301.099979112255
400.0,37,0.0003870649571946737,0.00031913719252481753,0.0024765357064933575,301.16609848258247
400.0,38,0.0001218669621462838,0.00010718060717216588,0.0025561980016443006,301.98454554835376
400.0,39,5.631062802374669e-05,4.29870667435368e-05,0.0024928551206460066,301.7488863857298
400.0,40,0.00025211672755513895,0.00020204146932951007,0.002355973100480926,302.259892678269
400.0,41,0.00015799181661927173,0.00012588134604468243,0.0023847806316993326,301.252501978352
400.0,42,8.839799394301635e-05,7.638917625656067e-05,0.0025258425564812005,301.8470271049316
400.0,43,0.0001969266568347395,0.0001877463460017323,0.0025006366975156465,301.2640269726209
400.0,44,0.00020056510117523962,0.00014343888012756948,0.0024566107382192085,302.01599074296576
400.0,45,0.00019216476714817128,0.00018917643570112965,0.0025473361551721346,300.82289970521003
400.0,46,0.00023874754904043357,0.00023423531667597896,0.00243658745601567,300.68929431041477
400.0,47,0.00026265875447055974,0.00024525075919660855,0.0024444423562591127,300.718132712101
400.0,48,0.00023473844096312204,0.00023228900151105904,0.0025481164059904904,302.2500962903371
400.0,49,7.615823166708006e-05,5.830818606756733e-05,0.0024892931806771356,301.79122603365073
400.0,50,0.00025143400915775515,0.00021888921486628522,0.002539596548947312,302.37505686805616
400.0,51,0.00013904137997612623,0.0001234892260156407,0.0025386078215753685,301.8930985240666
400.0,52,0.00012149142795711226,0.00011247198998378684,0.002412518450767814,301.1833964051178
400.0,53,0.00012322657243330384,0.00011352742110596126,0.0024623814004043365,302.23920899857984
400.0,54,0.0001242791818087271,0.00010244201482662632,0.0023764700839197803,302.20128657215133
400.0,55,4.681810440436373e-05,5.051057909382342e-05,0.002440563158939474,301.6992876529825
400.0,56,0.00019896119692405816,0.00018088030319443212,0.0024319116228870737,301.44788150501773
400.0,57,0.00029564664034550426,0.0002472550439438194,0.0024510111843175967,301.0109628223097
400.0,58,0.0002542838047703783,0.000213569252024071,0.002452057323274912,301.64432397367597
400.0,59,0.00039471916241675396,0.00032439482259998697,0.0026109229282586526,301.3740514787719
400.0,60,4.954236536028867e-05,4.622426932138369e-05,0.0024426777316862735,302.52618265255404
400.0,61,0.00012435288389797547,0.00011334044906818271,0.002449591118012551,301.0464063636404
400.0,62,0.00020325137277550645,0.00016449864342760895,0.0024630859300864096,302.4179038730629
400.0,63,0.0001918834632136649,0.00017643953376252444,0.0025275211244259136,300.72765746659593
400.0,64,0.00019218153808280795,0.00016014959855727967,0.0024441300834925615,302.3210285953444
400.0,65,0.00024211570141552364,0.00019368518458902045,0.00251939622571451,301.7959607587076
400.0,66,2.633277248597497e-05,2.247679688648871e-05,0.0025506642052300957,301.9710298092757
400.0,67,0.00027591529776289984,0.00022698262472982105,0.0025666500274850058,301.6621350691258
400.0,68,0.0003756143220156167,0.00032513656664378247,0.0025450483552919077,301.12051420541366
400.0,69,0.0002756766452075396,0.0002667108316672936,0.002529213587848399,302.993848037383
400.0,70,8.60217618827004e-05,8.635391788608546e-05,0.002482126432020876,301.2959581825078
400.0,71,0.0003116211322408219,0.0002474993031735678,0.002496278084654558,301.6974209402013
400.0,72,0.0002630602300874974,0.00021830722232476173,0.0024554275595549116,302.5136138503701
400.0,73,0.00014149373628836567,0.00011781047329138088,0.002497647737311715,302.84012108623347
400.0,74,0.00021053235796237728,0.00018214379746061277,0.002465583001301992,301.51772921307474
400.0,75,6.774208601314943e-05,5.46562595045782e-05,0.0024637612122105287,302.3598980465188
400.0,76,0.0002084310961039035,0.0001951397961655985,0.002506280694498958,300.2721156381036
400.0,77,0.00028434426746455215,0.00026801555026126947,0.002513421996934921,301.58037923226243
400.0,78,0.00016810639625454925,0.00014453207778875428,0.0024436475076906492,301.69343397962695
400.0,79,0.0002569667249909758,0.0001867036508916065,0.002457350504314737,301.98910468998764
800.0,0,3.1611265971421664e-05,1.3303458609452451e-05,0.0013058123445141142,301.9114790094694
800.0,1,7.762217511135109e-05,6.416986403146519e-05,0.0012662390287846983,301.9848643777467
800.0,2,8.778568958133703e-05,6.850802211898285e-05,0.0012577356397386126,302.0771569288426
800.0,3,0.00011499428170301678,0.0001083336901291198,0.0012374362233340272,301.3079353424981
800.0,4,7.942285656248427e-05,5.1558057613228346e-05,0.0012255991784797349,301.83418733459774
800.0,5,0.00010643905196229489,8.194499151735252e-05,0.0012641795910848085,301.60433589998985
800.0,6,3.231877631297757e-05,1.8585690250403905e-05,0.001188690604848157,302.11258915545386
800.0,7,2.7380455800388845e-05,2.4082320808679058e-05,0.0011761039604274944,301.9529957437656
800.0,8,8.669245850430866e-05,7.603089842892208e-05,0.0012548945962695605,302.18929139502995
800.0,9,0.00011818587189686014,9.032122468049257e-05,0.001226530422083839,302.0139189529239
800.0,10,9.655602280963787e-05,8.5260818753682e-05,0.0013011469562659926,302.36548619470545
800.0,11,9.328848495715502e-05,8.521243689456227e-05,0.0013105510587528083,301.3753716295186
800.0,12,8.686784155872232e-05,6.17742812885207e-05,0.0012429037103861365,301.7154329311603
800.0,13,8.486817558734955e-05,8.337465854834616e-05,0.0012596003156167843,301.6765619754764
800.0,14,2.962966021391198e-05,2.8253946649470406e-05,0.0012522281793469058,301.9052654416922
800.0,15,3.490609874302721e-06,9.922062297127518e-06,0.0012151277862673792,301.87396270708354
800.0,16,9.039128860269637e-05,8.616110019990595e-05,0.001277280016208171,301.7389745231635
800.0,17,0.00016335219373344844,0.00014878349138088101,0.0012763551439822303,302.78187891693904
800.0,18,5.0544887521966614e-05,2.625308272618625e-05,0.001291278631751122,302.24168757784446
800.0,19,0.00010093335768884255,8.884144304156204e-05,0.001252076093296943,301.66824270503076
800.0,20,5.08314999157887e-05,3.7140436221190436e-05,0.0012366331658525776,301.94612050439565
800.0,21,0.00011448521040088413,0.00011116775517346807,0.0012299916930592354,301.93902637809157
800.0,22,0.00015769518233312504,0.00012319854783756035,0.001196117500417455,302.3440702274362
800.0,23,6.256449800857654e-05,4.224181416239206e-05,0.001194529745693143,302.0858993576406
800.0,24,8.081213318248765e-05,7.088188227669925e-05,0.0012737567405873783,302.03277001434486
800.0,25,0.00011628122009348045,9.783428421177115e-05,0.001268949505949281,301.93053813140904
800.0,26,3.731165473991566e-05,2.592280759399759e-05,0.0012014441520059038,302.04228911696157
800.0,27,0.00010375764678389306,8.535789436343736e-05,0.001252940652101224,302.26874443101497
800.0,28,0.00019754751527644912,0.00017171284006326905,0.0012389624805883668,302.4135165395985
800.0,29,0.00011618924249688597,0.00010636715664656862,0.0012048399894228896,302.5523823794575
800.0,30,0.00012754099467762132,0.00011318978351042584,0.0012313204685713646,301.6731806448545
800.0,31,0.0001337076338428859,0.00012251431057731576,0.0012745463947861453,301.58783464356725
800.0,32,0.00012022479707841531,0.00010072205552469665,0.001283582515039961,301.8944171631215
800.0,33,0.0001248540274816436,0.00010397326433308568,0.0013016282247997923,302.23878303847255
800.0,34,3.887234928646671e-05,5.0686444839704205e-05,0.001231871073822339,301.4948247128
800.0,35,0.0001640757542940759,0.0001256134836099662,0.0012570339019543901,302.0283990822994
800.0,36,0.0001031655605348976,0.00010213085071656065,0.0012222530652699494,302.4217588656844
800.0,37,5.9391665216288786e-05,4.944640681775967e-05,0.0012676458025954367,301.68622806514946
800.0,38,2.9307587895990403e-05,3.3973318588714324e-05,0.0012212848735143485,301.98060281730716
800.0,39,6.255781656670898e-05,5.325788124673451e-05,0.0012192269401570938,302.2062968487399
800.0,40,3.447965409721383e-05,3.746962112601628e-05,0.0012877177954574127,301.62870290425434
800.0,41,7.916087645915351e-05,7.289023765594714e-05,0.0012961056510613323,302.33440168062424
800.0,42,0.00010070749199378489,9.297781094875143e-05,0.0012173260565332656,301.95049833886077
800.0,43,0.00012911707152909273,9.834957065265624e-05,0.0012942725834294028,301.81429077268
800.0,44,9.404337851423174e-05,9.962573162520176e-05,0.0012375697526210672,301.083721334089
800.0,45,0.00014322900141715842,0.00012398262811713227,0.0012412313282338082,301.5886020310011
800.0,46,6.289330380230397e-05,6.012891261057877e-05,0.0012604807434001342,302.29570048786957
800.0,47,0.000115108886259313,9.003347411277052e-05,0.001242972222020729,301.94489811330567
800.0,48,7.039735074316003e-05,6.711759888322464e-05,0.0012575570650927516,301.5968771681136
800.0,49,5.930391248668625e-06,4.2878856910794025e-06,0.0011937407858435497,302.0119571037803
800.0,50,2.4385506329111625e-05,1.9473863431879642e-05,0.0012289237361668437,302.09499646718865
800.0,51,7.291566236382612e-05,6.221487356616818e-05,0.0013006835685475291,302.1345794545102
800.0,52,0.0001240228799023217,0.00010128722960455298,0.0012920211530749962,302.2870596972388
800.0,53,6.773999151191952e-05,5.837972584680199e-05,0.0012594524922999266,301.9307979575976
800.0,54,0.00014278047012009673,0.00013123195909190124,0.001218751744298807,301.8819865281572
800.0,55,0.00012979346250477827,0.00010597059919077438,0.00128052982282941,301.8776223289126
800.0,56,2.6495773815161473e-05,2.3996594328310594e-05,0.0013257536749092262,302.1840870481553
800.0,57,0.00020857601235292156,0.00016993885630666518,0.0012585045994033765,302.30249820101625
800.0,58,0.0001270638548372476,0.00012002389694854074,0.0012673870634170442,302.44229450515456
800.0,59,5.464744958998147e-05,4.3542949893355756e-05,0.001203216004184195,302.1956097480371
800.0,60,0.00012525732733184434,0.00011709207449208468,0.0012099225734803793,301.4939912388937
800.0,61,5.8481705622282065e-05,5.555755527057083e-05,0.001234776602766639,301.91705855542693
800.0,62,0.0001285800482403962,0.00010882187249391606,0.0012707604466971965,301.7183920702495
800.0,63,0.00022417118170314502,0.00018923862965973916,0.0012378307371685277,301.48545544151
800.0,64,8.040431604495857e-05,6.392757283507558e-05,0.0012259418328204172,301.64284020666514
800.0,65,5.390805906932595e-05,4.551229958775633e-05,0.0012363976324348107,302.0477234371431
800.0,66,7.489592101249971e-05,7.29984929846326e-05,0.0012818810199625673,302.5051413839409
800.0,67,5.844596732532122e-05,5.1614875217150345e-05,0.0013152082139958191,301.9692309989182
800.0,68,6.167278684810577e-05,5.3490765254431456e-05,0.0012636594168788213,302.2566997514169
800.0,69,8.707727977359693e-05,7.808674775191354e-05,0.0012433015631891059,301.8166098462946
800.0,70,0.00013073822327165348,0.00010990565550567227,0.0012367533398669347,302.7002380340215
800.0,71,1.7659409783851378e-05,6.685419340728338e-06,0.0012447507564187863,302.12309945561503
800.0,72,7.926342865941114e-05,6.862834720557303e-05,0.0012368980404864713,301.7502477985871
800.0,73,8.434009144007874e-05,8.270252405060698e-05,0.0012501285972685476,302.4510351435089
800.0,74,8.925648690691801e-05,9.727627964549591e-05,0.0012872626563373401,302.5257525874269
800.0,75,6.884572364782855e-05,4.0277332667187635e-05,0.0012729019655198085,301.9406355847404
800.0,76,6.291934352449575e-05,3.573635275616536e-05,0.0012878784320326784,301.8412472811249
800.0,77,7.187050360344744e-05,7.153975838165243e-05,0.0012199651508575157,302.5024669517444
800.0,78,0.00013205606046125322,0.00011416009195303388,0.001226091141349535,301.9940950088026
800.0,79,9.406104960916238e-05,8.078605732533462e-05,0.0012812331064555595,301.9531130484118
