b,qmin_node_exchange,qmin_symmetry_broken,gap_linear_mixing,gap_quadratic_mixing
0.0002,0.100000032,0.10009003200000001,0.00014,3.2e-07
0.0002115828482999877,0.10000003581384136,0.10009524809557635,0.00014810799380999138,3.581384135578848e-07
0.000223836508473678,0.10000004008222603,0.10010076651103919,0.0001566855559315746,4.008222602054954e-07
0.00023679983008192582,0.10000004485932763,0.1001066047828645,0.00016575988105734806,4.485932762146315e-07
0.00025051391262843485,0.10000005020577635,0.10011278146645915,0.0001753597388399044,5.020577633632568e-07
0.0002650222358634925,0.10000005618942841,0.10011931619556698,0.00018551556510444474,5.618942840166771e-07
0.0002803707976341444,0.10000006288622734,0.1001262297451627,0.00019625955834390107,6.288622733280507e-07
0.00029660825971785856,0.10000007038116779,0.10013354409804083,0.00020762578180250098,7.038116778628531e-07
0.00031378610210203503,0.1000000787693743,0.10014128251532023,0.0002196502714714245,7.8769374297911e-07
0.00033195878619849697,0.1000000881573086,0.10014946961109793,0.00023237115033894785,8.815730858750354e-07
0.0003511839275104231,0.10000009866412075,0.10015813143150044,0.00024582874925729614,9.866412075331688e-07
0.0003715224782991586,0.10000011042316151,0.10016729553839614,0.000260065734809411,1.10423161505239e-06
0.00039303892083003165,0.10000012358367463,0.10017699109804815,0.0002751272445810221,1.235836746297887e-06
0.0004158014718098573,0.10000013831269117,0.1001872489750056,0.00029106103026690005,1.3831269116739484e-06
0.00043988229866428314,0.10000015479714935,0.10019810183154829,0.0003079176090649982,1.5479714934253887e-06
0.0004653577483406749,0.10000017324626716,0.10020958423302045,0.00032575042383847243,1.7324626715256235e-06
0.0004923085893619443,0.10000019389419773,0.10022173275941061,0.00034461601255336103,1.9389419772763804e-06
0.0005208202678987459,0.10000021700300117,0.10023458612355561,0.0003645741875291221,2.1700300116329717e-06
0.0005509831786718964,0.10000024286597055,0.1002481852963729,0.00038568822507032747,2.4286597054350954e-06
0.0005828929515439043,0.10000027181135437,0.10026257363954913,0.000408025066080733,2.718113543676515e-06
0.0006166507547082305,0.10000030420652263,0.10027779704614133,0.00043165552829576133,3.0420652262578423e-06
0.0006523636154375216,0.1000003404626294,0.10029390408957628,0.00045665453080626507,3.4046262939737164e-06
0.0006901447594077438,0.10000038103983115,0.10031094618156464,0.00048310133158542063,3.8103983115037804e-06
0.0007301139696740007,0.10000042645312697,0.10032897773948027,0.0005110797787718005,4.264531269705021e-06
0.0007723979664361794,0.10000047727889486,0.10034805636379114,0.0005406785765053255,4.772788948437963e-06
0.0008171308087984256,0.10000053416220696,0.10036824302616625,0.0005719915661588979,5.341622069500553e-06
0.0008644543197962175,0.10000059782501682,0.10038960226892511,0.0006051180238573522,5.978250168114728e-06
0.0009145185360385615,0.10000066907532221,0.10041220241653956,0.000640162975226993,6.69075322206491e-06
0.0009674821833908689,0.10000074881742015,0.10043611579994603,0.0006772375283736081,7.488174201430103e-06
0.0010235131802066551,0.10000083806338406,0.10046141899447705,0.0007164592261446586,8.380633840453928e-06
0.0010827891697035134,0.10000093794590882,0.1004881930722754,0.0007579524187924594,9.379459088217792e-06
0.0011454980831712403,0.10000104973268685,0.10051652387011391,0.0008018486582198681,1.0497326868391886e-05
0.0012118387357977372,0.10000117484249726,0.10054650227360624,0.000848287115058416,1.1748424972638863e-05
0.0012820214570017075,0.10000131486321298,0.10057822451886375,0.0008974150199011952,1.3148632129702248e-05
0.001356268757270607,0.10000147157195356,0.10061179251272534,0.0009493881300894248,1.4715719535586853e-05
0.0014348160336179984,0.10000164695764027,0.10064731417276837,0.001004371223532599,1.646957640261828e-05
0.0015179123158969346,0.10000184324623901,0.10068490378839264,0.0010625386211278543,1.8432462390012763e-05
0.0016058210563355203,0.10000206292901198,0.10072468240436297,0.0011240747394348641,2.0629290119764213e-05
0.001698820964797822,0.10000230879413635,0.10076677822829537,0.0011891746753584752,2.308794136349282e-05
0.001797206892418283,0.10000258396209133,0.10081132706367955,0.001258044824692798,2.5839620913246252e-05
0.001901290766411149,0.10000289192526275,0.10085847277014777,0.0013309035364878043,2.8919252627522358e-05
0.0020114025790186874,0.10000323659226791,0.10090836775282631,0.0014079818053130812,3.2365922679064215e-05
0.0021278914337335745,0.100003622337563,0.10096117348274311,0.001489524003613502,3.622337563005382e-05
0.0022511266521124704,0.10000405405696308,0.10101706105041369,0.001575788656478729,4.054056963080879e-05
0.0023814989446898625,0.10000453722977885,0.10107621175488929,0.0016670492612829036,4.537229778847143e-05
0.002519421649704477,0.10000507798835921,0.10113881773072622,0.0017635951547931336,5.0779883591997024e-05
0.0026653320435656375,0.10000568319592197,0.1012050826155265,0.0018657324304959461,5.683195921966222e-05
0.002819692727214222,0.10000636053366073,0.10127522226090713,0.0019737849090499552,6.360533660723822e-05
0.0029829930927737264,0.10000711859823323,0.10134946548998142,0.0020880951649416084,7.118598233228609e-05
0.003155750875141275,0.10000796701086877,0.10142805490468235,0.0022090256125988925,7.967010868763939e-05
0.003338513793437845,0.10000891653947919,0.10151124774652621,0.0023369596554064912,8.9165394791798e-05
0.0035318612875218833,0.10000997923532344,0.10159931681470828,0.002472302901265318,9.979235323436588e-05
0.003736406355071709,0.10001116858596018,0.10169255144574245,0.002615484448550196,0.00011168585960176202
0.003952797495061236,0.10001249968642957,0.10179125855920712,0.002766958246542865,0.00012499686429569905
0.004181720763790568,0.10001398943083706,0.10189576377454282,0.0029272045346533976,0.00013989430837053738
0.004423901949990037,0.1000156567267705,0.10200641260426602,0.003096731364993026,0.00015656726770500522
0.004680108875893813,0.10001752273527219,0.1021235717294244,0.0032760762131256688,0.00017522735272176038
0.004951153831578332,0.10001961113941117,0.10224763036362142,0.0034658076821048323,0.00019611139411162239
0.0052378961502837044,0.10002194844486494,0.1023790017124926,0.0036665273051985927,0.0002194844486492548
0.0055412449328828325,0.10002456431632496,0.10251812453612223,0.0038788714530179824,0.00024564316324959736
0.005862161930136119,0.10002749195399611,0.10266546482255737,0.004103513351095283,0.0002749195399610978
0.006201664591869773,0.10003076851496805,0.10282151758130945,0.004341165214308841,0.0003076851496804102
0.006560829292744929,0.10003443558480683,0.10298680876654205,0.00459258050492145,0.00034435584806831937
0.006940794744844835,0.10003853970535206,0.10316189734053224,0.004858556321391384,0.00038539705352052546
0.0073427656078992815,0.10004313296541804,0.10334737748897273,0.005139935925529497,0.000431329654180388
0.007768016308592602,0.10004827366189645,0.10354388100076312,0.005437611416014821,0.0004827366189644851
0.008217895081063901,0.1000540270396507,0.10375207982612945,0.005752526556744731,0.0005402703965069942
0.008693828241409783,0.10006046611959292,0.10397268882822733,0.006085679768986848,0.0006046611959290747
0.009197324709741782,0.10006767262545314,0.10420646874483695,0.006438127296819247,0.0006767262545314141
0.00972998079413512,0.10007573802100339,0.1044542293783642,0.006810986555894584,0.0007573802100339064
0.010293485251636422,0.10008476467090054,0.10471683303413692,0.007205439676145495,0.0008476467090052522
0.010889624642375747,0.10009486713988147,0.10499519822895056,0.007622737249663022,0.0009486713988146969
0.011520288993757982,0.10010617364679977,0.10529030369399087,0.008064202295630587,0.0010617364679976105
0.012187477792691564,0.10011882769195789,0.1056031926986691,0.008531234454884094,0.0011882769195788003
0.012893306324852638,0.1001329898783892,0.10593497772457289,0.009025314427396847,0.0013298987838918804
0.013640012381082842,0.10014883995020488,0.10628684552169215,0.00954800866675799,0.0014883995020487457
0.014429963352183025,0.10016657907387629,0.10666006258235865,0.010100974346528117,0.0016657907387627611
0.015265663734596611,0.10018643239140623,0.10705598107197471,0.010685964614217627,0.0018643239140622254
0.016149763070778898,0.10020865187779385,0.10747604525964435,0.011304834149545228,0.0020865187779383508
0.017085064349426773,0.10023351953905925,0.10792179849630129,0.01195954504459874,0.0023351953905924295
0.01807453289220147,0.10026135099141702,0.10839489079290768,0.012652173024541028,0.0026135099141701827
0.019121305755119007,0.1002924994670246,0.10889708705682816,0.013384914028583304,0.0029249946702459783
0.02022870167441513,0.10032736029714599,0.1094302760506328,0.01416009117209059,0.003273602971459884
0.021400231588417414,0.10036637592963032,0.10999648014441817,0.014980162111892188,0.003663759296303188
0.02263960976878363,0.10041004154438625,0.11059786594033888,0.01584772683814854,0.004100415443862425
0.02395076559639735,0.10045891133812286,0.11123675585650167,0.016765535917478144,0.0045891133812285675
0.025337856019255523,0.10051360555812203,0.111915640766787,0.017736499213478866,0.005136055581220187
0.026805278731845354,0.10057481837431355,0.11263719380364395,0.018763695112291746,0.005748183743135367
0.028357686117794604,0.1006433266895643,0.11340428544257188,0.019850380282456222,0.006433266895642886
0.03,0.10072,0.11422,0.020999999999999998,0.0072
