field_span,relative_q_noise,truth,accuracy,median_correct_model_delta_BIC,trials
2.0,0.002,finite,1.0,18799.62563410514,160
2.0,0.002,vanishing,1.0,36.97712386726782,160
2.0,0.005,finite,1.0,2997.1706205522987,160
2.0,0.005,vanishing,0.91875,7.45218677907066,160
2.0,0.01,finite,1.0,750.2540014836356,160
2.0,0.01,vanishing,0.775,2.263885139694114,160
2.0,0.02,finite,1.0,188.26352341734156,160
2.0,0.02,vanishing,0.85,1.81722640224279,160
2.0,0.05,finite,1.0,29.72475094200732,160
2.0,0.05,vanishing,0.91875,1.7520157306736888,160
2.0,0.1,finite,0.925,6.33350300915224,160
2.0,0.1,vanishing,0.85,1.7149719147784674,160
3.0,0.002,finite,1.0,32980.15161816769,160
3.0,0.002,vanishing,1.0,747.9055700709778,160
3.0,0.005,finite,1.0,5307.938953828159,160
3.0,0.005,vanishing,1.0,123.71659749612948,160
3.0,0.01,finite,1.0,1328.6457001272306,160
3.0,0.01,vanishing,1.0,32.415493469218646,160
3.0,0.02,finite,1.0,331.2693701806545,160
3.0,0.02,vanishing,0.975,8.946381031275848,160
3.0,0.05,finite,1.0,51.745775591992526,160
3.0,0.05,vanishing,0.8375,2.520901127805086,160
3.0,0.1,finite,1.0,12.598502613267492,160
3.0,0.1,vanishing,0.84375,1.6252962840105614,160
5.0,0.002,finite,1.0,45990.0473364779,160
5.0,0.002,vanishing,1.0,7799.352762228357,160
5.0,0.005,finite,1.0,7379.178027282858,160
5.0,0.005,vanishing,1.0,1257.852840460092,160
5.0,0.01,finite,1.0,1842.20118429812,160
5.0,0.01,vanishing,1.0,311.4055443302443,160
5.0,0.02,finite,1.0,451.4447154079229,160
5.0,0.02,vanishing,1.0,81.04452677859729,160
5.0,0.05,finite,1.0,69.69467409175527,160
5.0,0.05,vanishing,0.96875,12.829131195273078,160
5.0,0.1,finite,1.0,18.30158217700957,160
5.0,0.1,vanishing,0.825,4.379178330334699,160
8.0,0.002,finite,1.0,53157.751851366564,160
8.0,0.002,vanishing,1.0,32066.96064774114,160
8.0,0.005,finite,1.0,8511.877823329725,160
8.0,0.005,vanishing,1.0,5118.818390684218,160
8.0,0.01,finite,1.0,2123.066522728664,160
8.0,0.01,vanishing,1.0,1288.0351998077238,160
8.0,0.02,finite,1.0,537.047637823362,160
8.0,0.02,vanishing,1.0,321.5286591253406,160
8.0,0.05,finite,1.0,83.66601702508527,160
8.0,0.05,vanishing,1.0,50.23971543424504,160
8.0,0.1,finite,1.0,20.234726219443083,160
8.0,0.1,vanishing,0.98125,14.490900235657023,160
12.0,0.002,finite,1.0,56777.26598890705,160
12.0,0.002,vanishing,1.0,75842.65629454209,160
12.0,0.005,finite,1.0,9065.821107004096,160
12.0,0.005,vanishing,1.0,12150.697432233515,160
12.0,0.01,finite,1.0,2266.2500756287873,160
12.0,0.01,vanishing,1.0,3020.4099277272417,160
12.0,0.02,finite,1.0,571.2292278888478,160
12.0,0.02,vanishing,1.0,759.588324738216,160
12.0,0.05,finite,1.0,92.31545465018147,160
12.0,0.05,vanishing,1.0,122.62811098200088,160
12.0,0.1,finite,0.99375,22.788009911002824,160
12.0,0.1,vanishing,1.0,31.542678902831785,160
20.0,0.002,finite,1.0,58754.047083745674,160
20.0,0.002,vanishing,1.0,164582.20947124425,160
20.0,0.005,finite,1.0,9398.611297217385,160
20.0,0.005,vanishing,1.0,26364.02119408141,160
20.0,0.01,finite,1.0,2354.3503954245934,160
20.0,0.01,vanishing,1.0,6561.827719117787,160
20.0,0.02,finite,1.0,585.5253812102078,160
20.0,0.02,vanishing,1.0,1645.839350337741,160
20.0,0.05,finite,1.0,95.62136156640308,160
20.0,0.05,vanishing,1.0,263.4612258920124,160
20.0,0.1,finite,1.0,22.54528674752146,160
20.0,0.1,vanishing,1.0,69.81668917017716,160
