truth,abs_b,q_true,q_observed,sigma,finite_fit,exact_vanishing_fit,selected_model,delta_BIC_vanishing_minus_finite
finite,0.0025,0.100265625,0.1008833734413903,0.00100265625,0.10028302566261975,0.11646426946566452,finite,2131.933165186098
finite,0.0032420988866275233,0.102534226935057,0.10180959171231345,0.00102534226935057,0.10255836485513303,0.11646190896656765,finite,2131.933165186098
finite,0.004204482076268572,0.10555251662591868,0.10628615509178345,0.0010555251662591868,0.10558501759955544,0.11646050538272526,finite,2131.933165186098
finite,0.005452538663326288,0.109595036141871,0.10789714337747475,0.00109595036141871,0.10963775351497652,0.11645967079875977,finite,2131.933165186098
finite,0.0070710678118654745,0.11505327919510466,0.11600621413786293,0.0011505327919510467,0.11510818751737423,0.11645917454932944,finite,2131.933165186098
finite,0.009170040432046712,0.1224945811363401,0.12325182585142687,0.001224945811363401,0.12256351968935411,0.11645887947665025,finite,2131.933165186098
finite,0.011892071150027212,0.13275497157361082,0.13312797464022275,0.0013275497157361083,0.13283911237762763,0.11645870402503106,finite,2131.933165186098
finite,0.015422108254079409,0.14708730819840685,0.14603220218061408,0.0014708730819840686,0.14718613076935222,0.11645859970074882,finite,2131.933165186098
finite,0.02,0.1674,0.16797805894393483,0.001674,0.16750939781284507,0.11645853766911515,finite,2131.933165186098
vanishing,0.0025,0.27113926311030645,0.26862161036907445,0.0027113926311030647,0.20426271188436765,0.2691491238434933,vanishing,-1317.3586017086222
vanishing,0.0032420988866275233,0.21322830335261345,0.21121410018311215,0.0021322830335261346,0.18995835306957934,0.2118537959836841,vanishing,-1317.3586017086222
vanishing,0.004204482076268572,0.16966899010110775,0.17171382643899613,0.0016966899010110775,0.1725928866160885,0.1688052742744785,vanishing,-1317.3586017086222
vanishing,0.005452538663326288,0.13736930585490614,0.13456410476550576,0.0013736930585490615,0.1520655736510283,0.13693635365469037,vanishing,-1317.3586017086222
vanishing,0.0070710678118654745,0.11390127303941777,0.11472682215200192,0.0011390127303941777,0.12879660537075913,0.11383300324339991,vanishing,-1317.3586017086222
vanishing,0.009170040432046712,0.0972996719872645,0.0963839944339744,0.000972996719872645,0.10425728992040079,0.0975348662186191,vanishing,-1317.3586017086222
vanishing,0.011892071150027212,0.08592079652354966,0.08705535642730007,0.0008592079652354965,0.08191366989189686,0.08639848868502917,vanishing,-1317.3586017086222
vanishing,0.015422108254079409,0.07837555916152907,0.07988521157623026,0.0007837555916152906,0.06888086617917605,0.0790363327098821,vanishing,-1317.3586017086222
vanishing,0.02,0.07352295559891481,0.07362099877427795,0.0007352295559891481,0.07879271580468822,0.07431379648237171,vanishing,-1317.3586017086222
