kind,level,halfwidth,attempts,successes,failure_fraction,median_error,p90_error,median_residual,median_window_spread,bare_reference_displacement,confident,confidence_with_envelope,false_confident,false_confidence_fraction,window_envelope_attempts,window_envelope_coverage
instrument_background,0.0,,60,60,0.0,2.1824052332579747e-05,4.170233544452911e-05,0.0002457051098076511,4.7531504458780205e-05,,60,60,9,0.15,60,0.85
instrument_background,0.0002,,60,60,0.0,2.3471244861399026e-05,5.080127519374386e-05,0.0002490338141068006,5.597479672436613e-05,,60,60,6,0.1,60,0.9
instrument_background,0.0008,,60,60,0.0,2.3363964634666422e-05,4.7345250802515666e-05,0.0002512290151665807,5.193926398922344e-05,,60,60,6,0.1,60,0.9
instrument_background,0.002,,60,60,0.0,2.6514711181636833e-05,4.687551811489204e-05,0.0002507064128155447,5.370557269947655e-05,,60,60,5,0.08333333333333333,60,0.9166666666666666
instrument_background,0.01,,60,60,0.0,6.926576647495856e-05,0.00013147398846835825,0.00025221442970826155,5.7768345052814656e-05,,60,60,38,0.6333333333333333,60,0.36666666666666664
instrument_background,0.05,,60,60,0.0,0.00032899439132773984,0.0005414204730206363,0.0002484944923361607,5.285702812578854e-05,,60,60,60,1.0,60,0.0
model_order,0.0,0.13,40,40,0.0,2.3332714955706867e-05,3.677815460766519e-05,0.00020770057365482021,,0.0,40,0,0,,0,
model_order,0.0,0.18,40,40,0.0,3.741418997455717e-05,6.665593868872295e-05,0.0002186907163631008,,0.0,40,0,0,,0,
model_order,0.0,0.24,40,40,0.0,5.001941695530959e-05,7.576106602883047e-05,0.0002473236839692405,,0.0,40,0,0,,0,
model_order,0.06,0.13,40,40,0.0,0.00012441742414786753,0.0001474845949980651,0.00029397217844468073,,7.170723171325459e-05,40,0,0,,0,
model_order,0.06,0.18,40,40,0.0,0.0005250019177408749,0.000556316202026004,0.0008258554260901711,,7.170723171325459e-05,40,0,0,,0,
model_order,0.06,0.24,40,40,0.0,0.0020604812252996265,0.0021013417499727537,0.003067964108282707,,7.170723171325459e-05,0,0,0,,0,
phase_slope,0.0,,60,60,0.0,2.511803672028717e-05,4.03303052807143e-05,0.00024842573930421955,5.4264308071191e-05,,60,60,1,0.016666666666666666,60,0.9833333333333333
phase_slope,0.004,,60,60,0.0,2.154687316305532e-05,4.347068643338824e-05,0.0002487281802926854,5.464250530711496e-05,,60,60,5,0.08333333333333333,60,0.9166666666666666
phase_slope,0.012,,60,60,0.0,2.0350276463719532e-05,3.6522355056650896e-05,0.0002512372145409318,5.42937473984426e-05,,60,60,3,0.05,60,0.95
phase_slope,0.035,,60,60,0.0,2.5522483270619476e-05,4.251662227242247e-05,0.00025197303904345684,5.2023147036326785e-05,,60,60,4,0.06666666666666667,60,0.9333333333333333
phase_slope,0.15,,60,60,0.0,2.7694313771882598e-05,4.9856651965431944e-05,0.0003191300407576499,9.950109313358453e-05,,58,58,2,0.034482758620689655,60,0.9666666666666667
phase_slope,0.5,,60,55,0.08333333333333337,5.810202525889481e-05,0.0003506452672004,0.0011783433708015476,0.00041767214760785244,,33,33,0,0.0,55,1.0
weak_field,0.004,,70,70,0.0,0.021976875714100362,0.025670013251595587,0.0007845638003347113,0.04616154428595031,,0,0,0,,70,1.0
weak_field,0.0065,,70,70,0.0,0.004578646803507006,0.005861908577352066,0.0011703453311547327,0.013579877470908462,,19,19,0,0.0,70,1.0
weak_field,0.01,,70,70,0.0,0.0009956373296480933,0.001327010486279259,0.0007330992074838498,0.0029823613143608665,,70,70,2,0.02857142857142857,70,0.9714285714285714
weak_field,0.016,,70,70,0.0,0.00019602134082875617,0.0003182524877039724,0.00046078563100523056,0.0004997103531847555,,70,70,7,0.1,70,0.9
weak_field,0.024,,70,70,0.0,6.905753586484021e-05,0.00011417979578504143,0.00041097756986775073,0.00015187456426070313,,70,70,11,0.15714285714285714,70,0.8428571428571429
weak_field,0.036,,70,70,0.0,2.7575514133179734e-05,5.0595050957708254e-05,0.0004017717009778956,6.844930330062842e-05,,70,70,2,0.02857142857142857,70,0.9714285714285714
