b,X_target,lower,upper,sum_residues,sum_rule_error
0.0025,-3.2,0.9760668009942962,0.023942934105047,1.0000097350993433,9.735099343322062e-06
0.0025,-2.8800000000000003,0.9710530102501632,0.0289567371141687,1.000009747364332,9.747364331902375e-06
0.0025,-2.56,0.9643133459225488,0.0356964151974721,1.000009761120021,9.761120020934655e-06
0.0025,-2.24,0.9549959017312302,0.0450138743535128,1.000009776084743,9.776084743062796e-06
0.0025,-1.92,0.9416936902435372,0.0583161033544644,1.0000097935980017,9.79359800168389e-06
0.0025,-1.6,0.9220062836933778,0.0780035312996073,1.000009814992985,9.814992985024418e-06
0.0025,-1.2800000000000002,0.8917470207979585,0.1082628213322267,1.0000098421301853,9.842130185289122e-06
0.0025,-0.96,0.8436939429763846,0.1563159341044552,1.0000098770808399,9.877080839881813e-06
0.0025,-0.6400000000000001,0.7666505252396423,0.233359396382291,1.0000099216219334,9.92162193336199e-06
0.0025,-0.3200000000000003,0.6492841714755898,0.3507257961999924,1.0000099676755823,9.967675582256419e-06
0.0025,0.0,0.4968159258346641,0.503194068232307,1.000009994066971,9.994066971108495e-06
0.0025,0.3199999999999998,0.3445144383489493,0.6554955470939894,1.0000099854429387,9.985442938731381e-06
0.0025,0.6399999999999997,0.2276091814063139,0.7724007753763921,1.0000099567827059,9.956782705877743e-06
0.0025,0.96,0.151180318548335,0.8488296115892157,1.0000099301375507,9.930137550684393e-06
0.0025,1.2800000000000002,0.103745480616092,0.8962644312267495,1.0000099118428414,9.911842841381358e-06
0.0025,1.5999999999999996,0.0740342081149707,0.9259756934161067,1.0000099015310775,9.901531077494141e-06
0.0025,1.92,0.0548082689223056,0.9452016288975064,1.000009897819812,9.897819811977016e-06
0.0025,2.24,0.0418884358925731,0.9581214619813332,1.0000098978739063,9.897873906261623e-06
0.0025,2.56,0.0328876967544484,0.9671222029132684,1.000009899667717,9.899667716917193e-06
0.0025,2.88,0.0264120052398611,0.9735978987131266,1.0000099039529877,9.903952987722064e-06
0.0025,3.2,0.0216202125563107,0.9783896967551196,1.0000099093114303,9.909311430300605e-06
0.005,-3.2,0.974868000258163,0.0251720539618706,1.0000400542200336,4.005422003361403e-05
0.005,-2.8800000000000003,0.9697445600665096,0.030295553463664,1.0000401135301735,4.011353017352448e-05
0.005,-2.56,0.9628746029678862,0.0371655700130845,1.0000401729809707,4.0172980970698546e-05
0.005,-2.24,0.953400991209726,0.0466392416303686,1.0000402328400946,4.023284009457839e-05
0.005,-1.92,0.9399104836794536,0.060129810019986,1.0000402936994397,4.0293699439697406e-05
0.005,-1.6,0.919996259711472,0.0800440958141182,1.0000403555255901,4.03555255901189e-05
0.005,-1.2800000000000002,0.8894683586489199,0.1105720601319883,1.0000404187809082,4.041878090821349e-05
0.005,-0.96,0.8411133667774117,0.1589271169663466,1.0000404837437582,4.048374375820174e-05
0.005,-0.6400000000000001,0.7637716997266468,0.2362688515925546,1.0000405513192014,4.055131920144284e-05
0.005,-0.3200000000000003,0.6461845835790269,0.35385603568154,1.0000406192605669,4.061926056686538e-05
0.005,0.0,0.4936421962166432,0.5063984861613512,1.0000406823779944,4.068237799437213e-05
0.005,0.3199999999999998,0.3414332860572835,0.6586074507272347,1.000040736784518,4.073678451810281e-05
0.005,0.6399999999999997,0.2247682232317933,0.7752725629950528,1.0000407862268461,4.078622684611233e-05
0.005,0.96,0.1486554047361514,0.8513854313626024,1.0000408360987538,4.083609875382699e-05
0.005,1.2800000000000002,0.1015365347006861,0.8985043534963564,1.0000408881970424,4.08881970423991e-05
0.005,1.5999999999999996,0.0721042006068477,0.9279367421779916,1.0000409427848393,4.0942784839348434e-05
0.005,1.92,0.0531124700010478,0.9469285281477448,1.0000409981487925,4.099814879254815e-05
0.005,2.24,0.0403862666819597,0.9596547882541704,1.00004105493613,4.105493613004718e-05
0.005,2.56,0.0315456094042733,0.9684955027390748,1.0000411121433481,4.1112143348120966e-05
0.005,2.88,0.025203143531642,0.9748380264429752,1.0000411699746172,4.116997461722782e-05
0.005,3.2,0.0205232462397332,0.9795179820027936,1.0000412282425268,4.122824252683621e-05
0.01,-3.2,0.9723846479020152,0.0277736400925321,1.0001582879945472,0.00015828799454720155
0.01,-2.8800000000000003,0.9670459790201964,0.033112766242211,1.0001587452624074,0.0001587452624074448
0.01,-2.56,0.9599201936100068,0.0402390098462536,1.0001592034562603,0.00015920345626030397
0.01,-2.24,0.9501399792646372,0.0500196831020729,1.0001596623667102,0.0001596623667101671
0.01,-1.92,0.9362800165682524,0.0638801059468796,1.000160122515132,0.0001601225151319774
0.01,-1.6,0.9159213163956048,0.0842392674081652,1.00016058380377,0.00016058380376993142
0.01,-1.2800000000000002,0.8848681223501342,0.115292923499925,1.0001610458500592,0.0001610458500591605
0.01,-0.96,0.8359248633387827,0.1642366460413863,1.000161509380169,0.0001615093801690115
0.01,-0.6400000000000001,0.7580056813993387,0.2421562927344172,1.0001619741337557,0.00016197413375573788
0.01,-0.3200000000000003,0.6399971966181004,0.3601652430653813,1.0001624396834816,0.00016243968348161886
0.01,0.0,0.4873251571959605,0.5128377472573602,1.0001629044533207,0.00016290445332067804
0.01,0.3199999999999998,0.3353195256407259,0.6648438421675629,1.0001633678082889,0.00016336780828885011
0.01,0.6399999999999997,0.2191535267067071,0.781010303660464,1.0001638303671712,0.0001638303671711583
0.01,0.96,0.1436894793434696,0.8564748144793654,1.000164293822835,0.00016429382283500438
0.01,1.2800000000000002,0.0972152570386702,0.9029495012544104,1.0001647582930806,0.00016475829308060241
0.01,1.5999999999999996,0.0683496525303105,0.9318155712335014,1.000165223763812,0.00016522376381189474
0.01,1.92,0.0498322550384288,0.9503334355537548,1.0001656905921836,0.00016569059218363158
0.01,2.24,0.0374971793427644,0.9626689784173632,1.0001661577601275,0.0001661577601275166
0.01,2.56,0.0289791604648447,0.9711874652216907,1.0001666256865354,0.00016662568653535992
0.01,2.88,0.0229046702833925,0.9772624240518344,1.000167094335227,0.00016709433522699157
0.01,3.2,0.0184494317943144,0.9817181321273832,1.0001675639216976,0.00016756392169758882
0.02,-3.2,0.9670085476571983,0.0336066866834169,1.0006152343406152,0.0006152343406151672
0.02,-2.8800000000000003,0.9612643921195976,0.0393543990210191,1.0006187911406166,0.0006187911406165814
0.02,-2.56,0.9536545321284924,0.0469678395634232,1.0006223716919156,0.0006223716919155908
0.02,-2.24,0.9432924505183432,0.0573335234809442,1.0006259739992873,0.0006259739992873214
0.02,-1.92,0.9287303440099508,0.0718992510601704,1.0006295950701212,0.0006295950701211694
0.02,-1.6,0.9075272626697573,0.0931059711625138,1.000633233832271,0.0006332338322709852
0.02,-1.2800000000000002,0.8754788896795278,0.1251579985972773,1.000636888276805,0.000636888276805081
0.02,-0.96,0.8254280104100213,0.1752125461796056,1.000640556589627,0.0006405565896270282
0.02,-0.6400000000000001,0.7464351167251607,0.2542091212744331,1.000644237999594,0.0006442379995938996
0.02,-0.3200000000000003,0.6276681881960883,0.3729797431007077,1.000647931296796,0.0006479312967959672
0.02,0.0,0.4748131945835272,0.5258384400563463,1.0006516346398735,0.0006516346398734996
0.02,0.3199999999999998,0.3232865866971727,0.6773687605371871,1.0006553472343598,0.0006553472343597821
0.02,0.6399999999999997,0.2081915548539833,0.7924675146900729,1.0006590695440563,0.0006590695440562566
0.02,0.96,0.1340883340668097,0.866574466387826,1.0006628004546356,0.0006628004546356259
0.02,1.2800000000000002,0.0889498257942979,0.9117167142353032,1.000666540029601,0.0006665400296010926
0.02,1.5999999999999996,0.061248260074895,0.939422028609166,1.000670288684061,0.0006702886840610489
0.02,1.92,0.043698319537153,0.9569757264665896,1.0006740460037427,0.0006740460037426566
0.02,2.24,0.0321562372155058,0.9685215739227684,1.0006778111382741,0.0006778111382741425
0.02,2.56,0.0242888720669914,0.9763927134599556,1.000681585526947,0.0006815855269470816
0.02,2.88,0.0187521462620466,0.9819332228169458,1.0006853690789925,0.000685369078992526
0.02,3.2,0.0147456528286779,0.985943508278636,1.0006891611073139,0.0006891611073138737
