qbar,b,principal_part_zero,full_screened_zero,zero_field_axial,principal_minus_full,full_minus_axial_reference,direct_response_zero_residual,kernel_min_singular_value
0.0722831114921756,0.006,0.1091185915934068,0.10911727683292319,0.1091263745378259,1.314760483608901e-06,-9.097704902705228e-06,7.425171588693047e-13,0.0004353141041348542
0.0732539469334624,0.006,0.1105841732221945,0.11058283244362171,0.1105920523399213,1.340778572792023e-06,-9.219896299580976e-06,8.135714324453147e-13,0.0004665999873706071
0.0742247823747493,0.006,0.1120497546575427,0.11204838805432041,0.1120577301420166,1.3666032222942048e-06,-9.342087696193047e-06,1.687538997430238e-12,0.0005012120027606238
0.0751956178160361,0.006,0.1135153358858162,0.11351394366501895,0.113523407944112,1.3922207972444367e-06,-9.464279093054917e-06,4.796163466380676e-13,0.0005396982028789254
0.076166453257323,0.006,0.1149809168936713,0.11497949927571761,0.1149890857462073,1.4176179536917743e-06,-9.586470489680865e-06,1.616484723854228e-12,0.0005827338790726642
0.0771372886986098,0.006,0.1164464976680013,0.11644505488641604,0.1164547635483027,1.442781585259123e-06,-9.708661886653758e-06,4.245492846166599e-12,0.0006311606043018805
0.0781081241398967,0.006,0.1179120781960157,0.1179106104971148,0.117920441350398,1.4676989008866048e-06,-9.830853283196439e-06,1.9682033780554775e-12,0.0006860405253246668
0.0790789595811835,0.006,0.119377658465188,0.11937616610781333,0.1193861191524933,1.4923573746633556e-06,-9.953044679961165e-06,5.755396159656812e-13,0.0007487332987503267
0.0800497950224704,0.006,0.1208432384632535,0.12084172171851197,0.1208517969545887,1.516744741525411e-06,-1.007523607672589e-05,4.547473508864641e-13,0.0008210074419795058
0.0810206304637572,0.006,0.1223088181782568,0.12230727732921051,0.122317474756684,1.5408490462859303e-06,-1.0197427473490617e-05,1.5134560271690134e-12,0.000905205369953774
0.0819914659050441,0.006,0.1237743975984613,0.12377283293990915,0.1237831525587794,1.56465855215282e-06,-1.0319618870255343e-05,8.277822871605167e-13,0.0010044946790973104
0.0829623013463309,0.006,0.1252399767124904,0.1252383885506077,0.1252488303608747,1.5881618826985022e-06,-1.0441810266992313e-05,6.785683126508957e-13,0.0011232626936727766
0.0839331367876178,0.006,0.1267055555091816,0.1267039441613064,0.12671450816297,1.6113478752133314e-06,-1.0564001663604383e-05,1.4459544672718039e-12,0.0012677582399516468
0.0849039722289046,0.006,0.128171133977685,0.12816949977200492,0.1281801859650654,1.634205680084433e-06,-1.0686193060466254e-05,1.4601653219870059e-12,0.0014471792164115918
0.0858748076701915,0.006,0.1296367121073963,0.1296350553827036,0.1296458637671607,1.6567246927112755e-06,-1.080838445710608e-05,1.737276988933445e-12,0.001675605908203695
0.0868456431114783,0.006,0.1311022898880209,0.13110061099340206,0.1311115415692561,1.6788946188284193e-06,-1.0930575854051217e-05,2.7853275241795927e-12,0.001975636140715581
0.0878164785527652,0.006,0.1325678673096204,0.13256616660410078,0.1325772193713514,1.7007055196083254e-06,-1.1052767250607776e-05,2.1387336346379016e-12,0.002385685173722187
0.0887873139940521,0.006,0.1340334443623979,0.13403172221479945,0.1340428971734468,1.7221475984430246e-06,-1.1174958647358624e-05,2.7711166694643907e-13,0.0029757965732052807
0.0897581494353389,0.006,0.1354990210367756,0.135497277825498,0.1355085749755421,1.7432112776050168e-06,-1.1297150044109472e-05,8.668621376273222e-13,0.00388474530983538
0.0907289848766258,0.006,0.1369645973230463,0.13696283343619664,0.1369742527776375,1.7638868496649973e-06,-1.141934144086032e-05,5.435651928564766e-13,0.00541220689092888
0.0916998203179126,0.006,0.1384301732091238,0.1384283890468951,0.1384399305797328,1.7841622286796088e-06,-1.1541532837694435e-05,4.078515303262975e-12,0.008227472152959114
0.0926706557591995,0.006,0.1398957486803179,0.1398939446575939,0.1399056083818281,1.804022724011256e-06,-1.1663724234223238e-05,4.938272013532696e-13,0.013526058842807947
0.0936414912004863,0.006,0.141361323737501,0.1413595002682924,0.1413712861839235,1.8234692086005477e-06,-1.1785915631112864e-05,1.836752971939859e-12,0.008481544694515562
0.0946123266417732,0.006,0.1428268983808831,0.14282505587899108,0.1428369639860188,1.8425018920298353e-06,-1.1908107027724935e-05,7.460698725481052e-13,0.005739125757189726
0.09558316208306,0.006,0.1442924725974066,0.14429061148968958,0.1443026417881142,1.8611077170216372e-06,-1.203029842461456e-05,6.750155989720952e-13,0.004250678672935649
0.0965539975243469,0.006,0.1457580463761329,0.14575616710038825,0.1457683195902095,1.8792757446595143e-06,-1.2152489821254386e-05,8.952838470577262e-13,0.003361856263351768
0.0975248329656337,0.006,0.1472236197092098,0.14722172271108677,0.1472339973923049,1.8969981230299027e-06,-1.2274681218116257e-05,6.856737400084967e-13,0.0027828651127045057
0.0984956684069206,0.006,0.1486891925891761,0.14868727832178547,0.1486996751944002,1.914267390629165e-06,-1.2396872614728327e-05,1.7479351299698465e-12,0.0023794397111901976
0.0994665038482074,0.006,0.1501547650092676,0.150152833932484,0.1501653529964955,1.9310767836178133e-06,-1.251906401150693e-05,1.616484723854228e-12,0.0020836121493671205
0.1004373392894943,0.006,0.1516203369627647,0.15161838954318266,0.1516310307985909,1.9474195820379236e-06,-1.2641255408230023e-05,1.3393730569077889e-12,0.001857989024438817
0.1014081747307811,0.006,0.1530859084432672,0.15308394515388118,0.1530967086006862,1.9632893860088707e-06,-1.2763446805008627e-05,5.790923296444817e-13,0.0016805125004848071
0.102379010172068,0.006,0.1545514794445883,0.15454950076457988,0.1545623864027816,1.9786800084242717e-06,-1.288563820173172e-05,1.4566126083082054e-12,0.0015374062293251538
0.1033498456133548,0.006,0.1560170499607155,0.15601505637527838,0.1560280642048769,1.993585437121137e-06,-1.3007829598510323e-05,1.5916157281026244e-12,0.0014196528745488918
0.1043206810546417,0.006,0.1574826199859471,0.1574806119859771,0.1574937420069722,2.007999969994012e-06,-1.3130020995094638e-05,7.567280135845067e-13,0.0013211159069688697
0.1052915164959285,0.006,0.1589481895147759,0.15894616759667557,0.1589594198090676,2.021918100336695e-06,-1.3252212392039775e-05,1.4672707493446069e-12,0.001237480620435884
0.1062623519372154,0.006,0.160413758541891,0.16041172320737426,0.1604250976111629,2.035334516731213e-06,-1.337440378862409e-05,6.146194664324867e-13,0.0011656279724042578
0.1072331873785022,0.006,0.1618793270622603,0.16187727881807276,0.1618907754132583,2.048244187535797e-06,-1.3496595185541471e-05,9.805489753489383e-13,0.0011032489607388657
0.1082040228197891,0.006,0.1633448950709957,0.16334283442877143,0.1633564532153536,2.0606422242719358e-06,-1.3618786582181297e-05,9.166001291305292e-13,0.001048598644029004
0.1091748582610759,0.006,0.1648104625635348,0.16480839003946995,0.164822131017449,2.072524064838932e-06,-1.3740977979043167e-05,6.927791673660977e-13,0.001000334368802766
0.1101456937023628,0.006,0.1662760295354407,0.16627394565016865,0.1662878088195443,2.0838852720639345e-06,-1.3863169375655238e-05,1.595168441781425e-12,0.000957406489254532
0.1111165291436496,0.006,0.167741595982603,0.16773950126086717,0.1677534866216396,2.0947217358180392e-06,-1.3985360772433841e-05,1.7834622667578515e-12,0.0009189827807698998
0.1120873645849365,0.006,0.1692071619009501,0.16920505687156584,0.169219164423735,2.105029384247281e-06,-1.4107552169156934e-05,4.938272013532696e-13,0.0008843950488158073
0.1130582000262233,0.006,0.1706727272867677,0.17067061248226437,0.1706848422258303,2.114804503322576e-06,-1.4229743565935538e-05,6.927791673660977e-13,0.0008531007008418808
