L,B,ensemble,component,c2_re,c2_im
6,0.17453292519943295,fixed_mu,total,-0.015438058734972835,-0.00018434513504058064
6,0.17453292519943295,fixed_mu,conduction,-0.01282856553514002,-0.00015911210134625462
6,0.17453292519943295,fixed_mu,interband,-0.002609560684022573,-2.5180870603945275e-05
6,0.17453292519943295,fixed_mu,other,6.74841897274623e-08,-5.216309036655446e-08
6,0.17453292519943295,fixed_n,total,-0.009008083562168904,-0.0002341365453486467
6,0.17453292519943295,fixed_n,conduction,-0.0005022123726389199,0.00035288165833293595
6,0.17453292519943295,fixed_n,interband,-0.008503221254397906,-0.0005859296254210818
6,0.17453292519943295,fixed_n,other,-2.649935132147812e-06,-1.0885782605131528e-06
8,0.09817477042468103,fixed_mu,total,-0.0338275933514174,-0.00014300899135085158
8,0.09817477042468103,fixed_mu,conduction,-0.04143420446033548,-7.407145201533462e-05
8,0.09817477042468103,fixed_mu,interband,0.0076064905000719505,-6.876250620667089e-05
8,0.09817477042468103,fixed_mu,other,1.2060884608685067e-07,-1.7503312885053386e-07
8,0.09817477042468103,fixed_n,total,-0.011222856357243023,-0.0002938036009598971
8,0.09817477042468103,fixed_n,conduction,-0.004266428232985544,-0.00023836791108869116
8,0.09817477042468103,fixed_n,interband,-0.006956599646435167,-5.528015829759783e-05
8,0.09817477042468103,fixed_n,other,1.7152217768238607e-07,-1.555315736117726e-07
