B,V,vertex,left,right,contact_re
0.0008,0.0,1.1038627990074341e-13,1.2157697084903516e-17,1.2150806165159548e-17,0.1085556884177861
0.0008,0.7,1.1038627990074341e-13,1.3024084365495072e-17,1.2584220235786505e-17,0.1085556884177861
0.0008,1.4,1.1038627990074341e-13,1.2590873952501104e-17,1.215286176063849e-17,0.1085556884177861
0.0012,0.0,8.804411224781773e-14,5.647226021491317e-18,5.63811191642306e-18,0.10855935402288944
0.0012,0.7,8.804411224781773e-14,5.647226021491317e-18,5.63811191642306e-18,0.10855935402288944
0.0012,1.4,8.804411224781773e-14,6.08023826287761e-18,6.071774170509308e-18,0.10855935402288944
0.0016,0.0,9.858780495926578e-14,2.9931050009124004e-17,2.9926385928480593e-17,0.1085630179235657
0.0016,0.7,9.858780495926578e-14,2.949632735703692e-17,2.9492740438459374e-17,0.1085630179235657
0.0016,1.4,9.858780495926578e-14,2.9931050009124004e-17,2.949348774913697e-17,0.1085630179235657
0.002,0.0,8.915091172418563e-14,3.383236332131664e-17,3.426597767462979e-17,0.10856668010763078
0.002,0.7,8.915091172418563e-14,3.383236332131664e-17,3.426507715655707e-17,0.10856668010763078
0.002,1.4,8.915091172418563e-14,3.383145126139511e-17,3.426426238171697e-17,0.10856668010763078
